"URL","str1","Date","str2","Response body","Status","Content type","startTime","startDate","connectionState","interval","executionTime","minValue","endDate","endTime","dataFreshness","maxValue","id","startDate (#1)","hasChildren","level","area","dwell","name","value","id (#1)","index","maxDate","name (#1)","maxTime","maxValue (#1)"
"https://msedcc.maf.ae/api/analytics/v1/deviceCount","{areas:Campus,granularity:daily,period:","2017-01-04",",timeRange:00:00-23:59,durationCategories:5}","{areas:Campus,granularity:daily,period:2017-01-04,timeRange:00:00-23:59,durationCategories:5}",200,"application/json","00:00","2017-01-04","all","daily",93,21987,"2017-01-04","23:59","2017-01-05T19:22:02.342+04:00",21987,56,"2017-01-04",true,"SUPERZONE","System Campus","5-1440",,21987,56,0,"2017-01-04","System Campus","00:00",21987
"https://msedcc.maf.ae/api/analytics/v1/deviceCount","{areas:Campus,granularity:daily,period:","2017-01-03",",timeRange:00:00-23:59,durationCategories:5}","{areas:Campus,granularity:daily,period:2017-01-03,timeRange:00:00-23:59,durationCategories:5}",200,"application/json","00:00","2017-01-03","all","daily",111,23268,"2017-01-03","23:59","2017-01-05T19:22:02.342+04:00",23268,56,"2017-01-03",true,"SUPERZONE","System Campus","5-1440",,23268,56,0,"2017-01-03","System Campus","00:00",23268
"https://msedcc.maf.ae/api/analytics/v1/deviceCount","{areas:Campus,granularity:daily,period:","2017-01-02",",timeRange:00:00-23:59,durationCategories:5}","{areas:Campus,granularity:daily,period:2017-01-02,timeRange:00:00-23:59,durationCategories:5}",200,"application/json","00:00","2017-01-02","all","daily",93,22631,"2017-01-02","23:59","2017-01-05T19:22:02.342+04:00",22631,56,"2017-01-02",true,"SUPERZONE","System Campus","5-1440",,22631,56,0,"2017-01-02","System Campus","00:00",22631
"https://msedcc.maf.ae/api/analytics/v1/deviceCount","{areas:Campus,granularity:daily,period:","2017-01-01",",timeRange:00:00-23:59,durationCategories:5}","{areas:Campus,granularity:daily,period:2017-01-01,timeRange:00:00-23:59,durationCategories:5}",200,"application/json","00:00","2017-01-01","all","daily",91,28383,"2017-01-01","23:59","2017-01-05T19:22:02.342+04:00",28383,56,"2017-01-01",true,"SUPERZONE","System Campus","5-1440",,28383,56,0,"2017-01-01","System Campus","00:00",28383
"https://msedcc.maf.ae/api/analytics/v1/deviceCount","{areas:Campus,granularity:daily,period:","2016-12-31",",timeRange:00:00-23:59,durationCategories:5}","{areas:Campus,granularity:daily,period:2016-12-31,timeRange:00:00-23:59,durationCategories:5}",200,"application/json","00:00","2016-12-31","all","daily",98,24424,"2016-12-31","23:59","2017-01-05T19:22:02.342+04:00",24424,56,"2016-12-31",true,"SUPERZONE","System Campus","5-1440",,24424,56,0,"2016-12-31","System Campus","00:00",24424
"https://msedcc.maf.ae/api/analytics/v1/deviceCount","{areas:Campus,granularity:daily,period:","2016-12-30",",timeRange:00:00-23:59,durationCategories:5}","{areas:Campus,granularity:daily,period:2016-12-30,timeRange:00:00-23:59,durationCategories:5}",200,"application/json","00:00","2016-12-30","all","daily",102,28868,"2016-12-30","23:59","2017-01-05T19:22:02.342+04:00",28868,56,"2016-12-30",true,"SUPERZONE","System Campus","5-1440",,28868,56,0,"2016-12-30","System Campus","00:00",28868
"https://msedcc.maf.ae/api/analytics/v1/deviceCount","{areas:Campus,granularity:daily,period:","2016-12-29",",timeRange:00:00-23:59,durationCategories:5}","{areas:Campus,granularity:daily,period:2016-12-29,timeRange:00:00-23:59,durationCategories:5}",200,"application/json","00:00","2016-12-29","all","daily",103,26781,"2016-12-29","23:59","2017-01-05T19:22:02.342+04:00",26781,56,"2016-12-29",true,"SUPERZONE","System Campus","5-1440",,26781,56,0,"2016-12-29","System Campus","00:00",26781
"https://msedcc.maf.ae/api/analytics/v1/deviceCount","{areas:Campus,granularity:daily,period:","2016-12-28",",timeRange:00:00-23:59,durationCategories:5}","{areas:Campus,granularity:daily,period:2016-12-28,timeRange:00:00-23:59,durationCategories:5}",200,"application/json","00:00","2016-12-28","all","daily",92,24781,"2016-12-28","23:59","2017-01-05T19:22:02.342+04:00",24781,56,"2016-12-28",true,"SUPERZONE","System Campus","5-1440",,24781,56,0,"2016-12-28","System Campus","00:00",24781
"https://msedcc.maf.ae/api/analytics/v1/deviceCount","{areas:Campus,granularity:daily,period:","2016-12-27",",timeRange:00:00-23:59,durationCategories:5}","{areas:Campus,granularity:daily,period:2016-12-27,timeRange:00:00-23:59,durationCategories:5}",200,"application/json","00:00","2016-12-27","all","daily",130,25184,"2016-12-27","23:59","2017-01-05T19:22:02.342+04:00",25184,56,"2016-12-27",true,"SUPERZONE","System Campus","5-1440",,25184,56,0,"2016-12-27","System Campus","00:00",25184
"https://msedcc.maf.ae/api/analytics/v1/deviceCount","{areas:Campus,granularity:daily,period:","2016-12-26",",timeRange:00:00-23:59,durationCategories:5}","{areas:Campus,granularity:daily,period:2016-12-26,timeRange:00:00-23:59,durationCategories:5}",200,"application/json","00:00","2016-12-26","all","daily",98,24536,"2016-12-26","23:59","2017-01-05T19:22:02.342+04:00",24536,56,"2016-12-26",true,"SUPERZONE","System Campus","5-1440",,24536,56,0,"2016-12-26","System Campus","00:00",24536
"https://msedcc.maf.ae/api/analytics/v1/deviceCount","{areas:Campus,granularity:daily,period:","2016-12-25",",timeRange:00:00-23:59,durationCategories:5}","{areas:Campus,granularity:daily,period:2016-12-25,timeRange:00:00-23:59,durationCategories:5}",200,"application/json","00:00","2016-12-25","all","daily",115,31501,"2016-12-25","23:59","2017-01-05T19:22:02.342+04:00",31501,56,"2016-12-25",true,"SUPERZONE","System Campus","5-1440",,31501,56,0,"2016-12-25","System Campus","00:00",31501
"https://msedcc.maf.ae/api/analytics/v1/deviceCount","{areas:Campus,granularity:daily,period:","2016-12-24",",timeRange:00:00-23:59,durationCategories:5}","{areas:Campus,granularity:daily,period:2016-12-24,timeRange:00:00-23:59,durationCategories:5}",200,"application/json","00:00","2016-12-24","all","daily",505,61904,"2016-12-24","23:59","2017-01-05T19:22:02.342+04:00",61904,56,"2016-12-24",true,"SUPERZONE","System Campus","5-1440",,61904,56,0,"2016-12-24","System Campus","00:00",61904
"https://msedcc.maf.ae/api/analytics/v1/deviceCount","{areas:Campus,granularity:daily,period:","2016-12-23",",timeRange:00:00-23:59,durationCategories:5}","{areas:Campus,granularity:daily,period:2016-12-23,timeRange:00:00-23:59,durationCategories:5}",200,"application/json","00:00","2016-12-23","all","daily",126,64483,"2016-12-23","23:59","2017-01-05T19:22:02.342+04:00",64483,56,"2016-12-23",true,"SUPERZONE","System Campus","5-1440",,64483,56,0,"2016-12-23","System Campus","00:00",64483
"https://msedcc.maf.ae/api/analytics/v1/deviceCount","{areas:Campus,granularity:daily,period:","2016-12-22",",timeRange:00:00-23:59,durationCategories:5}","{areas:Campus,granularity:daily,period:2016-12-22,timeRange:00:00-23:59,durationCategories:5}",200,"application/json","00:00","2016-12-22","all","daily",127,57674,"2016-12-22","23:59","2017-01-05T19:22:02.342+04:00",57674,56,"2016-12-22",true,"SUPERZONE","System Campus","5-1440",,57674,56,0,"2016-12-22","System Campus","00:00",57674
"https://msedcc.maf.ae/api/analytics/v1/deviceCount","{areas:Campus,granularity:daily,period:","2016-12-21",",timeRange:00:00-23:59,durationCategories:5}","{areas:Campus,granularity:daily,period:2016-12-21,timeRange:00:00-23:59,durationCategories:5}",200,"application/json","00:00","2016-12-21","all","daily",130,54097,"2016-12-21","23:59","2017-01-05T19:22:02.342+04:00",54097,56,"2016-12-21",true,"SUPERZONE","System Campus","5-1440",,54097,56,0,"2016-12-21","System Campus","00:00",54097
"https://msedcc.maf.ae/api/analytics/v1/deviceCount","{areas:Campus,granularity:daily,period:","2016-12-20",",timeRange:00:00-23:59,durationCategories:5}","{areas:Campus,granularity:daily,period:2016-12-20,timeRange:00:00-23:59,durationCategories:5}",200,"application/json","00:00","2016-12-20","all","daily",135,53503,"2016-12-20","23:59","2017-01-05T19:22:02.342+04:00",53503,56,"2016-12-20",true,"SUPERZONE","System Campus","5-1440",,53503,56,0,"2016-12-20","System Campus","00:00",53503
"https://msedcc.maf.ae/api/analytics/v1/deviceCount","{areas:Campus,granularity:daily,period:","2016-12-19",",timeRange:00:00-23:59,durationCategories:5}","{areas:Campus,granularity:daily,period:2016-12-19,timeRange:00:00-23:59,durationCategories:5}",200,"application/json","00:00","2016-12-19","all","daily",230,53672,"2016-12-19","23:59","2017-01-05T19:22:02.342+04:00",53672,56,"2016-12-19",true,"SUPERZONE","System Campus","5-1440",,53672,56,0,"2016-12-19","System Campus","00:00",53672
"https://msedcc.maf.ae/api/analytics/v1/deviceCount","{areas:Campus,granularity:daily,period:","2016-12-18",",timeRange:00:00-23:59,durationCategories:5}","{areas:Campus,granularity:daily,period:2016-12-18,timeRange:00:00-23:59,durationCategories:5}",200,"application/json","00:00","2016-12-18","all","daily",132,53417,"2016-12-18","23:59","2017-01-05T19:22:02.342+04:00",53417,56,"2016-12-18",true,"SUPERZONE","System Campus","5-1440",,53417,56,0,"2016-12-18","System Campus","00:00",53417
"https://msedcc.maf.ae/api/analytics/v1/deviceCount","{areas:Campus,granularity:daily,period:","2016-12-17",",timeRange:00:00-23:59,durationCategories:5}","{areas:Campus,granularity:daily,period:2016-12-17,timeRange:00:00-23:59,durationCategories:5}",200,"application/json","00:00","2016-12-17","all","daily",124,55437,"2016-12-17","23:59","2017-01-05T19:22:02.342+04:00",55437,56,"2016-12-17",true,"SUPERZONE","System Campus","5-1440",,55437,56,0,"2016-12-17","System Campus","00:00",55437
"https://msedcc.maf.ae/api/analytics/v1/deviceCount","{areas:Campus,granularity:daily,period:","2016-12-16",",timeRange:00:00-23:59,durationCategories:5}","{areas:Campus,granularity:daily,period:2016-12-16,timeRange:00:00-23:59,durationCategories:5}",200,"application/json","00:00","2016-12-16","all","daily",126,58824,"2016-12-16","23:59","2017-01-05T19:22:02.342+04:00",58824,56,"2016-12-16",true,"SUPERZONE","System Campus","5-1440",,58824,56,0,"2016-12-16","System Campus","00:00",58824
"https://msedcc.maf.ae/api/analytics/v1/deviceCount","{areas:Campus,granularity:daily,period:","2016-12-15",",timeRange:00:00-23:59,durationCategories:5}","{areas:Campus,granularity:daily,period:2016-12-15,timeRange:00:00-23:59,durationCategories:5}",200,"application/json","00:00","2016-12-15","all","daily",216,53700,"2016-12-15","23:59","2017-01-05T19:22:02.342+04:00",53700,56,"2016-12-15",true,"SUPERZONE","System Campus","5-1440",,53700,56,0,"2016-12-15","System Campus","00:00",53700
"https://msedcc.maf.ae/api/analytics/v1/deviceCount","{areas:Campus,granularity:daily,period:","2016-12-14",",timeRange:00:00-23:59,durationCategories:5}","{areas:Campus,granularity:daily,period:2016-12-14,timeRange:00:00-23:59,durationCategories:5}",200,"application/json","00:00","2016-12-14","all","daily",123,51930,"2016-12-14","23:59","2017-01-05T19:22:02.342+04:00",51930,56,"2016-12-14",true,"SUPERZONE","System Campus","5-1440",,51930,56,0,"2016-12-14","System Campus","00:00",51930
"https://msedcc.maf.ae/api/analytics/v1/deviceCount","{areas:Campus,granularity:daily,period:","2016-12-13",",timeRange:00:00-23:59,durationCategories:5}","{areas:Campus,granularity:daily,period:2016-12-13,timeRange:00:00-23:59,durationCategories:5}",200,"application/json","00:00","2016-12-13","all","daily",131,49847,"2016-12-13","23:59","2017-01-05T19:22:02.342+04:00",49847,56,"2016-12-13",true,"SUPERZONE","System Campus","5-1440",,49847,56,0,"2016-12-13","System Campus","00:00",49847
"https://msedcc.maf.ae/api/analytics/v1/deviceCount","{areas:Campus,granularity:daily,period:","2016-12-12",",timeRange:00:00-23:59,durationCategories:5}","{areas:Campus,granularity:daily,period:2016-12-12,timeRange:00:00-23:59,durationCategories:5}",200,"application/json","00:00","2016-12-12","all","daily",121,52691,"2016-12-12","23:59","2017-01-05T19:22:02.342+04:00",52691,56,"2016-12-12",true,"SUPERZONE","System Campus","5-1440",,52691,56,0,"2016-12-12","System Campus","00:00",52691
"https://msedcc.maf.ae/api/analytics/v1/deviceCount","{areas:Campus,granularity:daily,period:","2016-12-11",",timeRange:00:00-23:59,durationCategories:5}","{areas:Campus,granularity:daily,period:2016-12-11,timeRange:00:00-23:59,durationCategories:5}",200,"application/json","00:00","2016-12-11","all","daily",130,59737,"2016-12-11","23:59","2017-01-05T19:22:02.342+04:00",59737,56,"2016-12-11",true,"SUPERZONE","System Campus","5-1440",,59737,56,0,"2016-12-11","System Campus","00:00",59737
"https://msedcc.maf.ae/api/analytics/v1/deviceCount","{areas:Campus,granularity:daily,period:","2016-12-10",",timeRange:00:00-23:59,durationCategories:5}","{areas:Campus,granularity:daily,period:2016-12-10,timeRange:00:00-23:59,durationCategories:5}",200,"application/json","00:00","2016-12-10","all","daily",264,61122,"2016-12-10","23:59","2017-01-05T19:22:02.342+04:00",61122,56,"2016-12-10",true,"SUPERZONE","System Campus","5-1440",,61122,56,0,"2016-12-10","System Campus","00:00",61122
"https://msedcc.maf.ae/api/analytics/v1/deviceCount","{areas:Campus,granularity:daily,period:","2016-12-09",",timeRange:00:00-23:59,durationCategories:5}","{areas:Campus,granularity:daily,period:2016-12-09,timeRange:00:00-23:59,durationCategories:5}",200,"application/json","00:00","2016-12-09","all","daily",144,63859,"2016-12-09","23:59","2017-01-05T19:22:02.342+04:00",63859,56,"2016-12-09",true,"SUPERZONE","System Campus","5-1440",,63859,56,0,"2016-12-09","System Campus","00:00",63859
"https://msedcc.maf.ae/api/analytics/v1/deviceCount","{areas:Campus,granularity:daily,period:","2016-12-08",",timeRange:00:00-23:59,durationCategories:5}","{areas:Campus,granularity:daily,period:2016-12-08,timeRange:00:00-23:59,durationCategories:5}",200,"application/json","00:00","2016-12-08","all","daily",129,57150,"2016-12-08","23:59","2017-01-05T19:22:02.342+04:00",57150,56,"2016-12-08",true,"SUPERZONE","System Campus","5-1440",,57150,56,0,"2016-12-08","System Campus","00:00",57150
"https://msedcc.maf.ae/api/analytics/v1/deviceCount","{areas:Campus,granularity:daily,period:","2016-12-07",",timeRange:00:00-23:59,durationCategories:5}","{areas:Campus,granularity:daily,period:2016-12-07,timeRange:00:00-23:59,durationCategories:5}",200,"application/json","00:00","2016-12-07","all","daily",132,54200,"2016-12-07","23:59","2017-01-05T19:22:02.342+04:00",54200,56,"2016-12-07",true,"SUPERZONE","System Campus","5-1440",,54200,56,0,"2016-12-07","System Campus","00:00",54200
"https://msedcc.maf.ae/api/analytics/v1/deviceCount","{areas:Campus,granularity:daily,period:","2016-12-06",",timeRange:00:00-23:59,durationCategories:5}","{areas:Campus,granularity:daily,period:2016-12-06,timeRange:00:00-23:59,durationCategories:5}",200,"application/json","00:00","2016-12-06","all","daily",122,49660,"2016-12-06","23:59","2017-01-05T19:22:02.342+04:00",49660,56,"2016-12-06",true,"SUPERZONE","System Campus","5-1440",,49660,56,0,"2016-12-06","System Campus","00:00",49660
"https://msedcc.maf.ae/api/analytics/v1/deviceCount","{areas:Campus,granularity:daily,period:","2016-12-05",",timeRange:00:00-23:59,durationCategories:5}","{areas:Campus,granularity:daily,period:2016-12-05,timeRange:00:00-23:59,durationCategories:5}",200,"application/json","00:00","2016-12-05","all","daily",127,50345,"2016-12-05","23:59","2017-01-05T19:22:02.342+04:00",50345,56,"2016-12-05",true,"SUPERZONE","System Campus","5-1440",,50345,56,0,"2016-12-05","System Campus","00:00",50345
"https://msedcc.maf.ae/api/analytics/v1/deviceCount","{areas:Campus,granularity:daily,period:","2016-12-04",",timeRange:00:00-23:59,durationCategories:5}","{areas:Campus,granularity:daily,period:2016-12-04,timeRange:00:00-23:59,durationCategories:5}",200,"application/json","00:00","2016-12-04","all","daily",126,53292,"2016-12-04","23:59","2017-01-05T19:22:02.342+04:00",53292,56,"2016-12-04",true,"SUPERZONE","System Campus","5-1440",,53292,56,0,"2016-12-04","System Campus","00:00",53292
"https://msedcc.maf.ae/api/analytics/v1/deviceCount","{areas:Campus,granularity:daily,period:","2016-12-03",",timeRange:00:00-23:59,durationCategories:5}","{areas:Campus,granularity:daily,period:2016-12-03,timeRange:00:00-23:59,durationCategories:5}",200,"application/json","00:00","2016-12-03","all","daily",128,62888,"2016-12-03","23:59","2017-01-05T19:22:02.342+04:00",62888,56,"2016-12-03",true,"SUPERZONE","System Campus","5-1440",,62888,56,0,"2016-12-03","System Campus","00:00",62888
"https://msedcc.maf.ae/api/analytics/v1/deviceCount","{areas:Campus,granularity:daily,period:","2016-12-02",",timeRange:00:00-23:59,durationCategories:5}","{areas:Campus,granularity:daily,period:2016-12-02,timeRange:00:00-23:59,durationCategories:5}",200,"application/json","00:00","2016-12-02","all","daily",132,67780,"2016-12-02","23:59","2017-01-05T19:22:02.342+04:00",67780,56,"2016-12-02",true,"SUPERZONE","System Campus","5-1440",,67780,56,0,"2016-12-02","System Campus","00:00",67780
"https://msedcc.maf.ae/api/analytics/v1/deviceCount","{areas:Campus,granularity:daily,period:","2016-12-01",",timeRange:00:00-23:59,durationCategories:5}","{areas:Campus,granularity:daily,period:2016-12-01,timeRange:00:00-23:59,durationCategories:5}",200,"application/json","00:00","2016-12-01","all","daily",160,62753,"2016-12-01","23:59","2017-01-05T19:22:02.342+04:00",62753,56,"2016-12-01",true,"SUPERZONE","System Campus","5-1440",,62753,56,0,"2016-12-01","System Campus","00:00",62753
"https://msedcc.maf.ae/api/analytics/v1/deviceCount","{areas:Campus,granularity:daily,period:","2016-11-30",",timeRange:00:00-23:59,durationCategories:5}","{areas:Campus,granularity:daily,period:2016-11-30,timeRange:00:00-23:59,durationCategories:5}",200,"application/json","00:00","2016-11-30","all","daily",129,58683,"2016-11-30","23:59","2017-01-05T19:22:02.342+04:00",58683,56,"2016-11-30",true,"SUPERZONE","System Campus","5-1440",,58683,56,0,"2016-11-30","System Campus","00:00",58683
"https://msedcc.maf.ae/api/analytics/v1/deviceCount","{areas:Campus,granularity:daily,period:","2016-11-29",",timeRange:00:00-23:59,durationCategories:5}","{areas:Campus,granularity:daily,period:2016-11-29,timeRange:00:00-23:59,durationCategories:5}",200,"application/json","00:00","2016-11-29","all","daily",132,51245,"2016-11-29","23:59","2017-01-05T19:22:02.342+04:00",51245,56,"2016-11-29",true,"SUPERZONE","System Campus","5-1440",,51245,56,0,"2016-11-29","System Campus","00:00",51245
"https://msedcc.maf.ae/api/analytics/v1/deviceCount","{areas:Campus,granularity:daily,period:","2016-11-28",",timeRange:00:00-23:59,durationCategories:5}","{areas:Campus,granularity:daily,period:2016-11-28,timeRange:00:00-23:59,durationCategories:5}",200,"application/json","00:00","2016-11-28","all","daily",189,53585,"2016-11-28","23:59","2017-01-05T19:22:02.342+04:00",53585,56,"2016-11-28",true,"SUPERZONE","System Campus","5-1440",,53585,56,0,"2016-11-28","System Campus","00:00",53585
"https://msedcc.maf.ae/api/analytics/v1/deviceCount","{areas:Campus,granularity:daily,period:","2016-11-27",",timeRange:00:00-23:59,durationCategories:5}","{areas:Campus,granularity:daily,period:2016-11-27,timeRange:00:00-23:59,durationCategories:5}",200,"application/json","00:00","2016-11-27","all","daily",129,50161,"2016-11-27","23:59","2017-01-05T19:22:02.342+04:00",50161,56,"2016-11-27",true,"SUPERZONE","System Campus","5-1440",,50161,56,0,"2016-11-27","System Campus","00:00",50161
"https://msedcc.maf.ae/api/analytics/v1/deviceCount","{areas:Campus,granularity:daily,period:","2016-11-26",",timeRange:00:00-23:59,durationCategories:5}","{areas:Campus,granularity:daily,period:2016-11-26,timeRange:00:00-23:59,durationCategories:5}",200,"application/json","00:00","2016-11-26","all","daily",132,60478,"2016-11-26","23:59","2017-01-05T19:22:02.342+04:00",60478,56,"2016-11-26",true,"SUPERZONE","System Campus","5-1440",,60478,56,0,"2016-11-26","System Campus","00:00",60478
"https://msedcc.maf.ae/api/analytics/v1/deviceCount","{areas:Campus,granularity:daily,period:","2016-11-25",",timeRange:00:00-23:59,durationCategories:5}","{areas:Campus,granularity:daily,period:2016-11-25,timeRange:00:00-23:59,durationCategories:5}",200,"application/json","00:00","2016-11-25","all","daily",130,59868,"2016-11-25","23:59","2017-01-05T19:22:02.342+04:00",59868,56,"2016-11-25",true,"SUPERZONE","System Campus","5-1440",,59868,56,0,"2016-11-25","System Campus","00:00",59868
"https://msedcc.maf.ae/api/analytics/v1/deviceCount","{areas:Campus,granularity:daily,period:","2016-11-24",",timeRange:00:00-23:59,durationCategories:5}","{areas:Campus,granularity:daily,period:2016-11-24,timeRange:00:00-23:59,durationCategories:5}",200,"application/json","00:00","2016-11-24","all","daily",113,55725,"2016-11-24","23:59","2017-01-05T19:22:02.342+04:00",55725,56,"2016-11-24",true,"SUPERZONE","System Campus","5-1440",,55725,56,0,"2016-11-24","System Campus","00:00",55725
"https://msedcc.maf.ae/api/analytics/v1/deviceCount","{areas:Campus,granularity:daily,period:","2016-11-23",",timeRange:00:00-23:59,durationCategories:5}","{areas:Campus,granularity:daily,period:2016-11-23,timeRange:00:00-23:59,durationCategories:5}",200,"application/json","00:00","2016-11-23","all","daily",109,51085,"2016-11-23","23:59","2017-01-05T19:22:02.342+04:00",51085,56,"2016-11-23",true,"SUPERZONE","System Campus","5-1440",,51085,56,0,"2016-11-23","System Campus","00:00",51085
"https://msedcc.maf.ae/api/analytics/v1/deviceCount","{areas:Campus,granularity:daily,period:","2016-11-22",",timeRange:00:00-23:59,durationCategories:5}","{areas:Campus,granularity:daily,period:2016-11-22,timeRange:00:00-23:59,durationCategories:5}",200,"application/json","00:00","2016-11-22","all","daily",120,49711,"2016-11-22","23:59","2017-01-05T19:22:02.342+04:00",49711,56,"2016-11-22",true,"SUPERZONE","System Campus","5-1440",,49711,56,0,"2016-11-22","System Campus","00:00",49711
"https://msedcc.maf.ae/api/analytics/v1/deviceCount","{areas:Campus,granularity:daily,period:","2016-11-21",",timeRange:00:00-23:59,durationCategories:5}","{areas:Campus,granularity:daily,period:2016-11-21,timeRange:00:00-23:59,durationCategories:5}",200,"application/json","00:00","2016-11-21","all","daily",115,48640,"2016-11-21","23:59","2017-01-05T19:22:02.342+04:00",48640,56,"2016-11-21",true,"SUPERZONE","System Campus","5-1440",,48640,56,0,"2016-11-21","System Campus","00:00",48640
"https://msedcc.maf.ae/api/analytics/v1/deviceCount","{areas:Campus,granularity:daily,period:","2016-11-20",",timeRange:00:00-23:59,durationCategories:5}","{areas:Campus,granularity:daily,period:2016-11-20,timeRange:00:00-23:59,durationCategories:5}",200,"application/json","00:00","2016-11-20","all","daily",107,44062,"2016-11-20","23:59","2017-01-05T19:22:02.342+04:00",44062,56,"2016-11-20",true,"SUPERZONE","System Campus","5-1440",,44062,56,0,"2016-11-20","System Campus","00:00",44062
"https://msedcc.maf.ae/api/analytics/v1/deviceCount","{areas:Campus,granularity:daily,period:","2016-11-19",",timeRange:00:00-23:59,durationCategories:5}","{areas:Campus,granularity:daily,period:2016-11-19,timeRange:00:00-23:59,durationCategories:5}",200,"application/json","00:00","2016-11-19","all","daily",117,52461,"2016-11-19","23:59","2017-01-05T19:22:02.342+04:00",52461,56,"2016-11-19",true,"SUPERZONE","System Campus","5-1440",,52461,56,0,"2016-11-19","System Campus","00:00",52461
"https://msedcc.maf.ae/api/analytics/v1/deviceCount","{areas:Campus,granularity:daily,period:","2016-11-18",",timeRange:00:00-23:59,durationCategories:5}","{areas:Campus,granularity:daily,period:2016-11-18,timeRange:00:00-23:59,durationCategories:5}",200,"application/json","00:00","2016-11-18","all","daily",199,57302,"2016-11-18","23:59","2017-01-05T19:22:02.342+04:00",57302,56,"2016-11-18",true,"SUPERZONE","System Campus","5-1440",,57302,56,0,"2016-11-18","System Campus","00:00",57302
"https://msedcc.maf.ae/api/analytics/v1/deviceCount","{areas:Campus,granularity:daily,period:","2016-11-17",",timeRange:00:00-23:59,durationCategories:5}","{areas:Campus,granularity:daily,period:2016-11-17,timeRange:00:00-23:59,durationCategories:5}",200,"application/json","00:00","2016-11-17","all","daily",119,52767,"2016-11-17","23:59","2017-01-05T19:22:02.342+04:00",52767,56,"2016-11-17",true,"SUPERZONE","System Campus","5-1440",,52767,56,0,"2016-11-17","System Campus","00:00",52767
"https://msedcc.maf.ae/api/analytics/v1/deviceCount","{areas:Campus,granularity:daily,period:","2016-11-16",",timeRange:00:00-23:59,durationCategories:5}","{areas:Campus,granularity:daily,period:2016-11-16,timeRange:00:00-23:59,durationCategories:5}",200,"application/json","00:00","2016-11-16","all","daily",118,48590,"2016-11-16","23:59","2017-01-05T19:22:02.342+04:00",48590,56,"2016-11-16",true,"SUPERZONE","System Campus","5-1440",,48590,56,0,"2016-11-16","System Campus","00:00",48590
"https://msedcc.maf.ae/api/analytics/v1/deviceCount","{areas:Campus,granularity:daily,period:","2016-11-15",",timeRange:00:00-23:59,durationCategories:5}","{areas:Campus,granularity:daily,period:2016-11-15,timeRange:00:00-23:59,durationCategories:5}",200,"application/json","00:00","2016-11-15","all","daily",52,16689,"2016-11-15","23:59","2017-01-05T19:22:02.342+04:00",16689,56,"2016-11-15",true,"SUPERZONE","System Campus","5-1440",,16689,56,0,"2016-11-15","System Campus","00:00",16689
"https://msedcc.maf.ae/api/analytics/v1/deviceCount","{areas:Campus,granularity:daily,period:","2016-11-14",",timeRange:00:00-23:59,durationCategories:5}","{areas:Campus,granularity:daily,period:2016-11-14,timeRange:00:00-23:59,durationCategories:5}",200,"application/json","00:00","2016-11-14","all","daily",111,48462,"2016-11-14","23:59","2017-01-05T19:22:02.342+04:00",48462,56,"2016-11-14",true,"SUPERZONE","System Campus","5-1440",,48462,56,0,"2016-11-14","System Campus","00:00",48462
"https://msedcc.maf.ae/api/analytics/v1/deviceCount","{areas:Campus,granularity:daily,period:","2016-11-13",",timeRange:00:00-23:59,durationCategories:5}","{areas:Campus,granularity:daily,period:2016-11-13,timeRange:00:00-23:59,durationCategories:5}",200,"application/json","00:00","2016-11-13","all","daily",120,44647,"2016-11-13","23:59","2017-01-05T19:22:02.342+04:00",44647,56,"2016-11-13",true,"SUPERZONE","System Campus","5-1440",,44647,56,0,"2016-11-13","System Campus","00:00",44647
"https://msedcc.maf.ae/api/analytics/v1/deviceCount","{areas:Campus,granularity:daily,period:","2016-11-12",",timeRange:00:00-23:59,durationCategories:5}","{areas:Campus,granularity:daily,period:2016-11-12,timeRange:00:00-23:59,durationCategories:5}",200,"application/json","00:00","2016-11-12","all","daily",109,49810,"2016-11-12","23:59","2017-01-05T19:22:02.342+04:00",49810,56,"2016-11-12",true,"SUPERZONE","System Campus","5-1440",,49810,56,0,"2016-11-12","System Campus","00:00",49810
"https://msedcc.maf.ae/api/analytics/v1/deviceCount","{areas:Campus,granularity:daily,period:","2016-11-11",",timeRange:00:00-23:59,durationCategories:5}","{areas:Campus,granularity:daily,period:2016-11-11,timeRange:00:00-23:59,durationCategories:5}",200,"application/json","00:00","2016-11-11","all","daily",119,55108,"2016-11-11","23:59","2017-01-05T19:22:02.342+04:00",55108,56,"2016-11-11",true,"SUPERZONE","System Campus","5-1440",,55108,56,0,"2016-11-11","System Campus","00:00",55108
"https://msedcc.maf.ae/api/analytics/v1/deviceCount","{areas:Campus,granularity:daily,period:","2016-11-10",",timeRange:00:00-23:59,durationCategories:5}","{areas:Campus,granularity:daily,period:2016-11-10,timeRange:00:00-23:59,durationCategories:5}",200,"application/json","00:00","2016-11-10","all","daily",124,48808,"2016-11-10","23:59","2017-01-05T19:22:02.342+04:00",48808,56,"2016-11-10",true,"SUPERZONE","System Campus","5-1440",,48808,56,0,"2016-11-10","System Campus","00:00",48808
"https://msedcc.maf.ae/api/analytics/v1/deviceCount","{areas:Campus,granularity:daily,period:","2016-11-09",",timeRange:00:00-23:59,durationCategories:5}","{areas:Campus,granularity:daily,period:2016-11-09,timeRange:00:00-23:59,durationCategories:5}",200,"application/json","00:00","2016-11-09","all","daily",105,44966,"2016-11-09","23:59","2017-01-05T19:22:02.342+04:00",44966,56,"2016-11-09",true,"SUPERZONE","System Campus","5-1440",,44966,56,0,"2016-11-09","System Campus","00:00",44966
"https://msedcc.maf.ae/api/analytics/v1/deviceCount","{areas:Campus,granularity:daily,period:","2016-11-08",",timeRange:00:00-23:59,durationCategories:5}","{areas:Campus,granularity:daily,period:2016-11-08,timeRange:00:00-23:59,durationCategories:5}",200,"application/json","00:00","2016-11-08","all","daily",100,43993,"2016-11-08","23:59","2017-01-05T19:22:02.342+04:00",43993,56,"2016-11-08",true,"SUPERZONE","System Campus","5-1440",,43993,56,0,"2016-11-08","System Campus","00:00",43993
"https://msedcc.maf.ae/api/analytics/v1/deviceCount","{areas:Campus,granularity:daily,period:","2016-11-07",",timeRange:00:00-23:59,durationCategories:5}","{areas:Campus,granularity:daily,period:2016-11-07,timeRange:00:00-23:59,durationCategories:5}",200,"application/json","00:00","2016-11-07","all","daily",176,43090,"2016-11-07","23:59","2017-01-05T19:22:02.342+04:00",43090,56,"2016-11-07",true,"SUPERZONE","System Campus","5-1440",,43090,56,0,"2016-11-07","System Campus","00:00",43090
"https://msedcc.maf.ae/api/analytics/v1/deviceCount","{areas:Campus,granularity:daily,period:","2016-11-06",",timeRange:00:00-23:59,durationCategories:5}","{areas:Campus,granularity:daily,period:2016-11-06,timeRange:00:00-23:59,durationCategories:5}",200,"application/json","00:00","2016-11-06","all","daily",119,44213,"2016-11-06","23:59","2017-01-05T19:22:02.342+04:00",44213,56,"2016-11-06",true,"SUPERZONE","System Campus","5-1440",,44213,56,0,"2016-11-06","System Campus","00:00",44213
"https://msedcc.maf.ae/api/analytics/v1/deviceCount","{areas:Campus,granularity:daily,period:","2016-11-05",",timeRange:00:00-23:59,durationCategories:5}","{areas:Campus,granularity:daily,period:2016-11-05,timeRange:00:00-23:59,durationCategories:5}",200,"application/json","00:00","2016-11-05","all","daily",112,53636,"2016-11-05","23:59","2017-01-05T19:22:02.342+04:00",53636,56,"2016-11-05",true,"SUPERZONE","System Campus","5-1440",,53636,56,0,"2016-11-05","System Campus","00:00",53636
"https://msedcc.maf.ae/api/analytics/v1/deviceCount","{areas:Campus,granularity:daily,period:","2016-11-04",",timeRange:00:00-23:59,durationCategories:5}","{areas:Campus,granularity:daily,period:2016-11-04,timeRange:00:00-23:59,durationCategories:5}",200,"application/json","00:00","2016-11-04","all","daily",122,57211,"2016-11-04","23:59","2017-01-05T19:22:02.342+04:00",57211,56,"2016-11-04",true,"SUPERZONE","System Campus","5-1440",,57211,56,0,"2016-11-04","System Campus","00:00",57211
"https://msedcc.maf.ae/api/analytics/v1/deviceCount","{areas:Campus,granularity:daily,period:","2016-11-03",",timeRange:00:00-23:59,durationCategories:5}","{areas:Campus,granularity:daily,period:2016-11-03,timeRange:00:00-23:59,durationCategories:5}",200,"application/json","00:00","2016-11-03","all","daily",121,49783,"2016-11-03","23:59","2017-01-05T19:22:02.342+04:00",49783,56,"2016-11-03",true,"SUPERZONE","System Campus","5-1440",,49783,56,0,"2016-11-03","System Campus","00:00",49783
"https://msedcc.maf.ae/api/analytics/v1/deviceCount","{areas:Campus,granularity:daily,period:","2016-11-02",",timeRange:00:00-23:59,durationCategories:5}","{areas:Campus,granularity:daily,period:2016-11-02,timeRange:00:00-23:59,durationCategories:5}",200,"application/json","00:00","2016-11-02","all","daily",180,46122,"2016-11-02","23:59","2017-01-05T19:22:02.342+04:00",46122,56,"2016-11-02",true,"SUPERZONE","System Campus","5-1440",,46122,56,0,"2016-11-02","System Campus","00:00",46122
"https://msedcc.maf.ae/api/analytics/v1/deviceCount","{areas:Campus,granularity:daily,period:","2016-11-01",",timeRange:00:00-23:59,durationCategories:5}","{areas:Campus,granularity:daily,period:2016-11-01,timeRange:00:00-23:59,durationCategories:5}",200,"application/json","00:00","2016-11-01","all","daily",120,44863,"2016-11-01","23:59","2017-01-05T19:22:02.342+04:00",44863,56,"2016-11-01",true,"SUPERZONE","System Campus","5-1440",,44863,56,0,"2016-11-01","System Campus","00:00",44863
"https://msedcc.maf.ae/api/analytics/v1/deviceCount","{areas:Campus,granularity:daily,period:","2016-10-31",",timeRange:00:00-23:59,durationCategories:5}","{areas:Campus,granularity:daily,period:2016-10-31,timeRange:00:00-23:59,durationCategories:5}",200,"application/json","00:00","2016-10-31","all","daily",147,44049,"2016-10-31","23:59","2017-01-05T19:22:02.342+04:00",44049,56,"2016-10-31",true,"SUPERZONE","System Campus","5-1440",,44049,56,0,"2016-10-31","System Campus","00:00",44049
"https://msedcc.maf.ae/api/analytics/v1/deviceCount","{areas:Campus,granularity:daily,period:","2016-10-30",",timeRange:00:00-23:59,durationCategories:5}","{areas:Campus,granularity:daily,period:2016-10-30,timeRange:00:00-23:59,durationCategories:5}",200,"application/json","00:00","2016-10-30","all","daily",119,44403,"2016-10-30","23:59","2017-01-05T19:22:02.342+04:00",44403,56,"2016-10-30",true,"SUPERZONE","System Campus","5-1440",,44403,56,0,"2016-10-30","System Campus","00:00",44403
"https://msedcc.maf.ae/api/analytics/v1/deviceCount","{areas:Campus,granularity:daily,period:","2016-10-29",",timeRange:00:00-23:59,durationCategories:5}","{areas:Campus,granularity:daily,period:2016-10-29,timeRange:00:00-23:59,durationCategories:5}",200,"application/json","00:00","2016-10-29","all","daily",120,49531,"2016-10-29","23:59","2017-01-05T19:22:02.342+04:00",49531,56,"2016-10-29",true,"SUPERZONE","System Campus","5-1440",,49531,56,0,"2016-10-29","System Campus","00:00",49531
"https://msedcc.maf.ae/api/analytics/v1/deviceCount","{areas:Campus,granularity:daily,period:","2016-10-28",",timeRange:00:00-23:59,durationCategories:5}","{areas:Campus,granularity:daily,period:2016-10-28,timeRange:00:00-23:59,durationCategories:5}",200,"application/json","00:00","2016-10-28","all","daily",124,52743,"2016-10-28","23:59","2017-01-05T19:22:02.342+04:00",52743,56,"2016-10-28",true,"SUPERZONE","System Campus","5-1440",,52743,56,0,"2016-10-28","System Campus","00:00",52743
"https://msedcc.maf.ae/api/analytics/v1/deviceCount","{areas:Campus,granularity:daily,period:","2016-10-27",",timeRange:00:00-23:59,durationCategories:5}","{areas:Campus,granularity:daily,period:2016-10-27,timeRange:00:00-23:59,durationCategories:5}",200,"application/json","00:00","2016-10-27","all","daily",119,44720,"2016-10-27","23:59","2017-01-05T19:22:02.342+04:00",44720,56,"2016-10-27",true,"SUPERZONE","System Campus","5-1440",,44720,56,0,"2016-10-27","System Campus","00:00",44720
"https://msedcc.maf.ae/api/analytics/v1/deviceCount","{areas:Campus,granularity:daily,period:","2016-10-26",",timeRange:00:00-23:59,durationCategories:5}","{areas:Campus,granularity:daily,period:2016-10-26,timeRange:00:00-23:59,durationCategories:5}",200,"application/json","00:00","2016-10-26","all","daily",114,39474,"2016-10-26","23:59","2017-01-05T19:22:02.342+04:00",39474,56,"2016-10-26",true,"SUPERZONE","System Campus","5-1440",,39474,56,0,"2016-10-26","System Campus","00:00",39474
"https://msedcc.maf.ae/api/analytics/v1/deviceCount","{areas:Campus,granularity:daily,period:","2016-10-25",",timeRange:00:00-23:59,durationCategories:5}","{areas:Campus,granularity:daily,period:2016-10-25,timeRange:00:00-23:59,durationCategories:5}",200,"application/json","00:00","2016-10-25","all","daily",109,39146,"2016-10-25","23:59","2017-01-05T19:22:02.342+04:00",39146,56,"2016-10-25",true,"SUPERZONE","System Campus","5-1440",,39146,56,0,"2016-10-25","System Campus","00:00",39146
"https://msedcc.maf.ae/api/analytics/v1/deviceCount","{areas:Campus,granularity:daily,period:","2016-10-24",",timeRange:00:00-23:59,durationCategories:5}","{areas:Campus,granularity:daily,period:2016-10-24,timeRange:00:00-23:59,durationCategories:5}",200,"application/json","00:00","2016-10-24","all","daily",113,36191,"2016-10-24","23:59","2017-01-05T19:22:02.342+04:00",36191,56,"2016-10-24",true,"SUPERZONE","System Campus","5-1440",,36191,56,0,"2016-10-24","System Campus","00:00",36191
"https://msedcc.maf.ae/api/analytics/v1/deviceCount","{areas:Campus,granularity:daily,period:","2016-10-23",",timeRange:00:00-23:59,durationCategories:5}","{areas:Campus,granularity:daily,period:2016-10-23,timeRange:00:00-23:59,durationCategories:5}",200,"application/json","00:00","2016-10-23","all","daily",115,38046,"2016-10-23","23:59","2017-01-05T19:22:02.342+04:00",38046,56,"2016-10-23",true,"SUPERZONE","System Campus","5-1440",,38046,56,0,"2016-10-23","System Campus","00:00",38046
"https://msedcc.maf.ae/api/analytics/v1/deviceCount","{areas:Campus,granularity:daily,period:","2016-10-22",",timeRange:00:00-23:59,durationCategories:5}","{areas:Campus,granularity:daily,period:2016-10-22,timeRange:00:00-23:59,durationCategories:5}",200,"application/json","00:00","2016-10-22","all","daily",114,48057,"2016-10-22","23:59","2017-01-05T19:22:02.342+04:00",48057,56,"2016-10-22",true,"SUPERZONE","System Campus","5-1440",,48057,56,0,"2016-10-22","System Campus","00:00",48057
"https://msedcc.maf.ae/api/analytics/v1/deviceCount","{areas:Campus,granularity:daily,period:","2016-10-21",",timeRange:00:00-23:59,durationCategories:5}","{areas:Campus,granularity:daily,period:2016-10-21,timeRange:00:00-23:59,durationCategories:5}",200,"application/json","00:00","2016-10-21","all","daily",130,51611,"2016-10-21","23:59","2017-01-05T19:22:02.342+04:00",51611,56,"2016-10-21",true,"SUPERZONE","System Campus","5-1440",,51611,56,0,"2016-10-21","System Campus","00:00",51611
"https://msedcc.maf.ae/api/analytics/v1/deviceCount","{areas:Campus,granularity:daily,period:","2016-10-20",",timeRange:00:00-23:59,durationCategories:5}","{areas:Campus,granularity:daily,period:2016-10-20,timeRange:00:00-23:59,durationCategories:5}",200,"application/json","00:00","2016-10-20","all","daily",121,46051,"2016-10-20","23:59","2017-01-05T19:22:02.342+04:00",46051,56,"2016-10-20",true,"SUPERZONE","System Campus","5-1440",,46051,56,0,"2016-10-20","System Campus","00:00",46051
"https://msedcc.maf.ae/api/analytics/v1/deviceCount","{areas:Campus,granularity:daily,period:","2016-10-19",",timeRange:00:00-23:59,durationCategories:5}","{areas:Campus,granularity:daily,period:2016-10-19,timeRange:00:00-23:59,durationCategories:5}",200,"application/json","00:00","2016-10-19","all","daily",233,40628,"2016-10-19","23:59","2017-01-05T19:22:02.342+04:00",40628,56,"2016-10-19",true,"SUPERZONE","System Campus","5-1440",,40628,56,0,"2016-10-19","System Campus","00:00",40628
"https://msedcc.maf.ae/api/analytics/v1/deviceCount","{areas:Campus,granularity:daily,period:","2016-10-18",",timeRange:00:00-23:59,durationCategories:5}","{areas:Campus,granularity:daily,period:2016-10-18,timeRange:00:00-23:59,durationCategories:5}",200,"application/json","00:00","2016-10-18","all","daily",123,40432,"2016-10-18","23:59","2017-01-05T19:22:02.342+04:00",40432,56,"2016-10-18",true,"SUPERZONE","System Campus","5-1440",,40432,56,0,"2016-10-18","System Campus","00:00",40432
"https://msedcc.maf.ae/api/analytics/v1/deviceCount","{areas:Campus,granularity:daily,period:","2016-10-17",",timeRange:00:00-23:59,durationCategories:5}","{areas:Campus,granularity:daily,period:2016-10-17,timeRange:00:00-23:59,durationCategories:5}",200,"application/json","00:00","2016-10-17","all","daily",122,39059,"2016-10-17","23:59","2017-01-05T19:22:02.342+04:00",39059,56,"2016-10-17",true,"SUPERZONE","System Campus","5-1440",,39059,56,0,"2016-10-17","System Campus","00:00",39059
"https://msedcc.maf.ae/api/analytics/v1/deviceCount","{areas:Campus,granularity:daily,period:","2016-10-16",",timeRange:00:00-23:59,durationCategories:5}","{areas:Campus,granularity:daily,period:2016-10-16,timeRange:00:00-23:59,durationCategories:5}",200,"application/json","00:00","2016-10-16","all","daily",125,39257,"2016-10-16","23:59","2017-01-05T19:22:02.342+04:00",39257,56,"2016-10-16",true,"SUPERZONE","System Campus","5-1440",,39257,56,0,"2016-10-16","System Campus","00:00",39257
"https://msedcc.maf.ae/api/analytics/v1/deviceCount","{areas:Campus,granularity:daily,period:","2016-10-15",",timeRange:00:00-23:59,durationCategories:5}","{areas:Campus,granularity:daily,period:2016-10-15,timeRange:00:00-23:59,durationCategories:5}",200,"application/json","00:00","2016-10-15","all","daily",116,50337,"2016-10-15","23:59","2017-01-05T19:22:02.342+04:00",50337,56,"2016-10-15",true,"SUPERZONE","System Campus","5-1440",,50337,56,0,"2016-10-15","System Campus","00:00",50337
"https://msedcc.maf.ae/api/analytics/v1/deviceCount","{areas:Campus,granularity:daily,period:","2016-10-14",",timeRange:00:00-23:59,durationCategories:5}","{areas:Campus,granularity:daily,period:2016-10-14,timeRange:00:00-23:59,durationCategories:5}",200,"application/json","00:00","2016-10-14","all","daily",119,51883,"2016-10-14","23:59","2017-01-05T19:22:02.342+04:00",51883,56,"2016-10-14",true,"SUPERZONE","System Campus","5-1440",,51883,56,0,"2016-10-14","System Campus","00:00",51883
"https://msedcc.maf.ae/api/analytics/v1/deviceCount","{areas:Campus,granularity:daily,period:","2016-10-13",",timeRange:00:00-23:59,durationCategories:5}","{areas:Campus,granularity:daily,period:2016-10-13,timeRange:00:00-23:59,durationCategories:5}",200,"application/json","00:00","2016-10-13","all","daily",111,43659,"2016-10-13","23:59","2017-01-05T19:22:02.342+04:00",43659,56,"2016-10-13",true,"SUPERZONE","System Campus","5-1440",,43659,56,0,"2016-10-13","System Campus","00:00",43659
"https://msedcc.maf.ae/api/analytics/v1/deviceCount","{areas:Campus,granularity:daily,period:","2016-10-12",",timeRange:00:00-23:59,durationCategories:5}","{areas:Campus,granularity:daily,period:2016-10-12,timeRange:00:00-23:59,durationCategories:5}",200,"application/json","00:00","2016-10-12","all","daily",121,39210,"2016-10-12","23:59","2017-01-05T19:22:02.342+04:00",39210,56,"2016-10-12",true,"SUPERZONE","System Campus","5-1440",,39210,56,0,"2016-10-12","System Campus","00:00",39210
"https://msedcc.maf.ae/api/analytics/v1/deviceCount","{areas:Campus,granularity:daily,period:","2016-10-11",",timeRange:00:00-23:59,durationCategories:5}","{areas:Campus,granularity:daily,period:2016-10-11,timeRange:00:00-23:59,durationCategories:5}",200,"application/json","00:00","2016-10-11","all","daily",118,41670,"2016-10-11","23:59","2017-01-05T19:22:02.342+04:00",41670,56,"2016-10-11",true,"SUPERZONE","System Campus","5-1440",,41670,56,0,"2016-10-11","System Campus","00:00",41670
"https://msedcc.maf.ae/api/analytics/v1/deviceCount","{areas:Campus,granularity:daily,period:","2016-10-10",",timeRange:00:00-23:59,durationCategories:5}","{areas:Campus,granularity:daily,period:2016-10-10,timeRange:00:00-23:59,durationCategories:5}",200,"application/json","00:00","2016-10-10","all","daily",117,40117,"2016-10-10","23:59","2017-01-05T19:22:02.342+04:00",40117,56,"2016-10-10",true,"SUPERZONE","System Campus","5-1440",,40117,56,0,"2016-10-10","System Campus","00:00",40117
"https://msedcc.maf.ae/api/analytics/v1/deviceCount","{areas:Campus,granularity:daily,period:","2016-10-09",",timeRange:00:00-23:59,durationCategories:5}","{areas:Campus,granularity:daily,period:2016-10-09,timeRange:00:00-23:59,durationCategories:5}",200,"application/json","00:00","2016-10-09","all","daily",120,44993,"2016-10-09","23:59","2017-01-05T19:22:02.342+04:00",44993,56,"2016-10-09",true,"SUPERZONE","System Campus","5-1440",,44993,56,0,"2016-10-09","System Campus","00:00",44993
"https://msedcc.maf.ae/api/analytics/v1/deviceCount","{areas:Campus,granularity:daily,period:","2016-10-08",",timeRange:00:00-23:59,durationCategories:5}","{areas:Campus,granularity:daily,period:2016-10-08,timeRange:00:00-23:59,durationCategories:5}",200,"application/json","00:00","2016-10-08","all","daily",117,52592,"2016-10-08","23:59","2017-01-05T19:22:02.342+04:00",52592,56,"2016-10-08",true,"SUPERZONE","System Campus","5-1440",,52592,56,0,"2016-10-08","System Campus","00:00",52592
"https://msedcc.maf.ae/api/analytics/v1/deviceCount","{areas:Campus,granularity:daily,period:","2016-10-07",",timeRange:00:00-23:59,durationCategories:5}","{areas:Campus,granularity:daily,period:2016-10-07,timeRange:00:00-23:59,durationCategories:5}",200,"application/json","00:00","2016-10-07","all","daily",128,54889,"2016-10-07","23:59","2017-01-05T19:22:02.342+04:00",54889,56,"2016-10-07",true,"SUPERZONE","System Campus","5-1440",,54889,56,0,"2016-10-07","System Campus","00:00",54889
"https://msedcc.maf.ae/api/analytics/v1/deviceCount","{areas:Campus,granularity:daily,period:","2016-10-06",",timeRange:00:00-23:59,durationCategories:5}","{areas:Campus,granularity:daily,period:2016-10-06,timeRange:00:00-23:59,durationCategories:5}",200,"application/json","00:00","2016-10-06","all","daily",126,47702,"2016-10-06","23:59","2017-01-05T19:22:02.342+04:00",47702,56,"2016-10-06",true,"SUPERZONE","System Campus","5-1440",,47702,56,0,"2016-10-06","System Campus","00:00",47702
"https://msedcc.maf.ae/api/analytics/v1/deviceCount","{areas:Campus,granularity:daily,period:","2016-10-05",",timeRange:00:00-23:59,durationCategories:5}","{areas:Campus,granularity:daily,period:2016-10-05,timeRange:00:00-23:59,durationCategories:5}",200,"application/json","00:00","2016-10-05","all","daily",133,43625,"2016-10-05","23:59","2017-01-05T19:22:02.342+04:00",43625,56,"2016-10-05",true,"SUPERZONE","System Campus","5-1440",,43625,56,0,"2016-10-05","System Campus","00:00",43625
"https://msedcc.maf.ae/api/analytics/v1/deviceCount","{areas:Campus,granularity:daily,period:","2016-10-04",",timeRange:00:00-23:59,durationCategories:5}","{areas:Campus,granularity:daily,period:2016-10-04,timeRange:00:00-23:59,durationCategories:5}",200,"application/json","00:00","2016-10-04","all","daily",129,45821,"2016-10-04","23:59","2017-01-05T19:22:02.342+04:00",45821,56,"2016-10-04",true,"SUPERZONE","System Campus","5-1440",,45821,56,0,"2016-10-04","System Campus","00:00",45821
"https://msedcc.maf.ae/api/analytics/v1/deviceCount","{areas:Campus,granularity:daily,period:","2016-10-03",",timeRange:00:00-23:59,durationCategories:5}","{areas:Campus,granularity:daily,period:2016-10-03,timeRange:00:00-23:59,durationCategories:5}",200,"application/json","00:00","2016-10-03","all","daily",125,43985,"2016-10-03","23:59","2017-01-05T19:22:02.342+04:00",43985,56,"2016-10-03",true,"SUPERZONE","System Campus","5-1440",,43985,56,0,"2016-10-03","System Campus","00:00",43985
"https://msedcc.maf.ae/api/analytics/v1/deviceCount","{areas:Campus,granularity:daily,period:","2016-10-02",",timeRange:00:00-23:59,durationCategories:5}","{areas:Campus,granularity:daily,period:2016-10-02,timeRange:00:00-23:59,durationCategories:5}",200,"application/json","00:00","2016-10-02","all","daily",127,54342,"2016-10-02","23:59","2017-01-05T19:22:02.342+04:00",54342,56,"2016-10-02",true,"SUPERZONE","System Campus","5-1440",,54342,56,0,"2016-10-02","System Campus","00:00",54342
"https://msedcc.maf.ae/api/analytics/v1/deviceCount","{areas:Campus,granularity:daily,period:","2016-10-01",",timeRange:00:00-23:59,durationCategories:5}","{areas:Campus,granularity:daily,period:2016-10-01,timeRange:00:00-23:59,durationCategories:5}",200,"application/json","00:00","2016-10-01","all","daily",127,56379,"2016-10-01","23:59","2017-01-05T19:22:02.342+04:00",56379,56,"2016-10-01",true,"SUPERZONE","System Campus","5-1440",,56379,56,0,"2016-10-01","System Campus","00:00",56379
"https://msedcc.maf.ae/api/analytics/v1/deviceCount","{areas:Campus,granularity:daily,period:","2016-09-30",",timeRange:00:00-23:59,durationCategories:5}","{areas:Campus,granularity:daily,period:2016-09-30,timeRange:00:00-23:59,durationCategories:5}",200,"application/json","00:00","2016-09-30","all","daily",126,55846,"2016-09-30","23:59","2017-01-05T19:22:02.342+04:00",55846,56,"2016-09-30",true,"SUPERZONE","System Campus","5-1440",,55846,56,0,"2016-09-30","System Campus","00:00",55846
"https://msedcc.maf.ae/api/analytics/v1/deviceCount","{areas:Campus,granularity:daily,period:","2016-09-29",",timeRange:00:00-23:59,durationCategories:5}","{areas:Campus,granularity:daily,period:2016-09-29,timeRange:00:00-23:59,durationCategories:5}",200,"application/json","00:00","2016-09-29","all","daily",116,46796,"2016-09-29","23:59","2017-01-05T19:22:02.342+04:00",46796,56,"2016-09-29",true,"SUPERZONE","System Campus","5-1440",,46796,56,0,"2016-09-29","System Campus","00:00",46796
"https://msedcc.maf.ae/api/analytics/v1/deviceCount","{areas:Campus,granularity:daily,period:","2016-09-28",",timeRange:00:00-23:59,durationCategories:5}","{areas:Campus,granularity:daily,period:2016-09-28,timeRange:00:00-23:59,durationCategories:5}",200,"application/json","00:00","2016-09-28","all","daily",124,43507,"2016-09-28","23:59","2017-01-05T19:22:02.342+04:00",43507,56,"2016-09-28",true,"SUPERZONE","System Campus","5-1440",,43507,56,0,"2016-09-28","System Campus","00:00",43507
"https://msedcc.maf.ae/api/analytics/v1/deviceCount","{areas:Campus,granularity:daily,period:","2016-09-27",",timeRange:00:00-23:59,durationCategories:5}","{areas:Campus,granularity:daily,period:2016-09-27,timeRange:00:00-23:59,durationCategories:5}",200,"application/json","00:00","2016-09-27","all","daily",122,43389,"2016-09-27","23:59","2017-01-05T19:22:02.342+04:00",43389,56,"2016-09-27",true,"SUPERZONE","System Campus","5-1440",,43389,56,0,"2016-09-27","System Campus","00:00",43389
"https://msedcc.maf.ae/api/analytics/v1/deviceCount","{areas:Campus,granularity:daily,period:","2016-09-26",",timeRange:00:00-23:59,durationCategories:5}","{areas:Campus,granularity:daily,period:2016-09-26,timeRange:00:00-23:59,durationCategories:5}",200,"application/json","00:00","2016-09-26","all","daily",139,41719,"2016-09-26","23:59","2017-01-05T19:22:02.342+04:00",41719,56,"2016-09-26",true,"SUPERZONE","System Campus","5-1440",,41719,56,0,"2016-09-26","System Campus","00:00",41719
"https://msedcc.maf.ae/api/analytics/v1/deviceCount","{areas:Campus,granularity:daily,period:","2016-09-25",",timeRange:00:00-23:59,durationCategories:5}","{areas:Campus,granularity:daily,period:2016-09-25,timeRange:00:00-23:59,durationCategories:5}",200,"application/json","00:00","2016-09-25","all","daily",252,38586,"2016-09-25","23:59","2017-01-05T19:22:02.342+04:00",38586,56,"2016-09-25",true,"SUPERZONE","System Campus","5-1440",,38586,56,0,"2016-09-25","System Campus","00:00",38586
"https://msedcc.maf.ae/api/analytics/v1/deviceCount","{areas:Campus,granularity:daily,period:","2016-09-24",",timeRange:00:00-23:59,durationCategories:5}","{areas:Campus,granularity:daily,period:2016-09-24,timeRange:00:00-23:59,durationCategories:5}",200,"application/json","00:00","2016-09-24","all","daily",121,48880,"2016-09-24","23:59","2017-01-05T19:22:02.342+04:00",48880,56,"2016-09-24",true,"SUPERZONE","System Campus","5-1440",,48880,56,0,"2016-09-24","System Campus","00:00",48880
"https://msedcc.maf.ae/api/analytics/v1/deviceCount","{areas:Campus,granularity:daily,period:","2016-09-23",",timeRange:00:00-23:59,durationCategories:5}","{areas:Campus,granularity:daily,period:2016-09-23,timeRange:00:00-23:59,durationCategories:5}",200,"application/json","00:00","2016-09-23","all","daily",133,51124,"2016-09-23","23:59","2017-01-05T19:22:02.342+04:00",51124,56,"2016-09-23",true,"SUPERZONE","System Campus","5-1440",,51124,56,0,"2016-09-23","System Campus","00:00",51124
"https://msedcc.maf.ae/api/analytics/v1/deviceCount","{areas:Campus,granularity:daily,period:","2016-09-22",",timeRange:00:00-23:59,durationCategories:5}","{areas:Campus,granularity:daily,period:2016-09-22,timeRange:00:00-23:59,durationCategories:5}",200,"application/json","00:00","2016-09-22","all","daily",128,44686,"2016-09-22","23:59","2017-01-05T19:22:02.342+04:00",44686,56,"2016-09-22",true,"SUPERZONE","System Campus","5-1440",,44686,56,0,"2016-09-22","System Campus","00:00",44686
"https://msedcc.maf.ae/api/analytics/v1/deviceCount","{areas:Campus,granularity:daily,period:","2016-09-21",",timeRange:00:00-23:59,durationCategories:5}","{areas:Campus,granularity:daily,period:2016-09-21,timeRange:00:00-23:59,durationCategories:5}",200,"application/json","00:00","2016-09-21","all","daily",123,38702,"2016-09-21","23:59","2017-01-05T19:22:02.342+04:00",38702,56,"2016-09-21",true,"SUPERZONE","System Campus","5-1440",,38702,56,0,"2016-09-21","System Campus","00:00",38702
"https://msedcc.maf.ae/api/analytics/v1/deviceCount","{areas:Campus,granularity:daily,period:","2016-09-20",",timeRange:00:00-23:59,durationCategories:5}","{areas:Campus,granularity:daily,period:2016-09-20,timeRange:00:00-23:59,durationCategories:5}",200,"application/json","00:00","2016-09-20","all","daily",275,37683,"2016-09-20","23:59","2017-01-05T19:22:02.342+04:00",37683,56,"2016-09-20",true,"SUPERZONE","System Campus","5-1440",,37683,56,0,"2016-09-20","System Campus","00:00",37683
"https://msedcc.maf.ae/api/analytics/v1/deviceCount","{areas:Campus,granularity:daily,period:","2016-09-19",",timeRange:00:00-23:59,durationCategories:5}","{areas:Campus,granularity:daily,period:2016-09-19,timeRange:00:00-23:59,durationCategories:5}",200,"application/json","00:00","2016-09-19","all","daily",124,36553,"2016-09-19","23:59","2017-01-05T19:22:02.342+04:00",36553,56,"2016-09-19",true,"SUPERZONE","System Campus","5-1440",,36553,56,0,"2016-09-19","System Campus","00:00",36553
"https://msedcc.maf.ae/api/analytics/v1/deviceCount","{areas:Campus,granularity:daily,period:","2016-09-18",",timeRange:00:00-23:59,durationCategories:5}","{areas:Campus,granularity:daily,period:2016-09-18,timeRange:00:00-23:59,durationCategories:5}",200,"application/json","00:00","2016-09-18","all","daily",295,37465,"2016-09-18","23:59","2017-01-05T19:22:02.342+04:00",37465,56,"2016-09-18",true,"SUPERZONE","System Campus","5-1440",,37465,56,0,"2016-09-18","System Campus","00:00",37465
"https://msedcc.maf.ae/api/analytics/v1/deviceCount","{areas:Campus,granularity:daily,period:","2016-09-17",",timeRange:00:00-23:59,durationCategories:5}","{areas:Campus,granularity:daily,period:2016-09-17,timeRange:00:00-23:59,durationCategories:5}",200,"application/json","00:00","2016-09-17","all","daily",118,48851,"2016-09-17","23:59","2017-01-05T19:22:02.342+04:00",48851,56,"2016-09-17",true,"SUPERZONE","System Campus","5-1440",,48851,56,0,"2016-09-17","System Campus","00:00",48851
"https://msedcc.maf.ae/api/analytics/v1/deviceCount","{areas:Campus,granularity:daily,period:","2016-09-16",",timeRange:00:00-23:59,durationCategories:5}","{areas:Campus,granularity:daily,period:2016-09-16,timeRange:00:00-23:59,durationCategories:5}",200,"application/json","00:00","2016-09-16","all","daily",106,48606,"2016-09-16","23:59","2017-01-05T19:22:02.342+04:00",48606,56,"2016-09-16",true,"SUPERZONE","System Campus","5-1440",,48606,56,0,"2016-09-16","System Campus","00:00",48606
"https://msedcc.maf.ae/api/analytics/v1/deviceCount","{areas:Campus,granularity:daily,period:","2016-09-15",",timeRange:00:00-23:59,durationCategories:5}","{areas:Campus,granularity:daily,period:2016-09-15,timeRange:00:00-23:59,durationCategories:5}",200,"application/json","00:00","2016-09-15","all","daily",236,48280,"2016-09-15","23:59","2017-01-05T19:22:02.342+04:00",48280,56,"2016-09-15",true,"SUPERZONE","System Campus","5-1440",,48280,56,0,"2016-09-15","System Campus","00:00",48280
"https://msedcc.maf.ae/api/analytics/v1/deviceCount","{areas:Campus,granularity:daily,period:","2016-09-14",",timeRange:00:00-23:59,durationCategories:5}","{areas:Campus,granularity:daily,period:2016-09-14,timeRange:00:00-23:59,durationCategories:5}",200,"application/json","00:00","2016-09-14","all","daily",101,44926,"2016-09-14","23:59","2017-01-05T19:22:02.342+04:00",44926,56,"2016-09-14",true,"SUPERZONE","System Campus","5-1440",,44926,56,0,"2016-09-14","System Campus","00:00",44926
"https://msedcc.maf.ae/api/analytics/v1/deviceCount","{areas:Campus,granularity:daily,period:","2016-09-13",",timeRange:00:00-23:59,durationCategories:5}","{areas:Campus,granularity:daily,period:2016-09-13,timeRange:00:00-23:59,durationCategories:5}",200,"application/json","00:00","2016-09-13","all","daily",103,51979,"2016-09-13","23:59","2017-01-05T19:22:02.342+04:00",51979,56,"2016-09-13",true,"SUPERZONE","System Campus","5-1440",,51979,56,0,"2016-09-13","System Campus","00:00",51979
"https://msedcc.maf.ae/api/analytics/v1/deviceCount","{areas:Campus,granularity:daily,period:","2016-09-12",",timeRange:00:00-23:59,durationCategories:5}","{areas:Campus,granularity:daily,period:2016-09-12,timeRange:00:00-23:59,durationCategories:5}",200,"application/json","00:00","2016-09-12","all","daily",101,56139,"2016-09-12","23:59","2017-01-05T19:22:02.342+04:00",56139,56,"2016-09-12",true,"SUPERZONE","System Campus","5-1440",,56139,56,0,"2016-09-12","System Campus","00:00",56139
"https://msedcc.maf.ae/api/analytics/v1/deviceCount","{areas:Campus,granularity:daily,period:","2016-09-11",",timeRange:00:00-23:59,durationCategories:5}","{areas:Campus,granularity:daily,period:2016-09-11,timeRange:00:00-23:59,durationCategories:5}",200,"application/json","00:00","2016-09-11","all","daily",143,55948,"2016-09-11","23:59","2017-01-05T19:22:02.342+04:00",55948,56,"2016-09-11",true,"SUPERZONE","System Campus","5-1440",,55948,56,0,"2016-09-11","System Campus","00:00",55948
"https://msedcc.maf.ae/api/analytics/v1/deviceCount","{areas:Campus,granularity:daily,period:","2016-09-10",",timeRange:00:00-23:59,durationCategories:5}","{areas:Campus,granularity:daily,period:2016-09-10,timeRange:00:00-23:59,durationCategories:5}",200,"application/json","00:00","2016-09-10","all","daily",189,57394,"2016-09-10","23:59","2017-01-05T19:22:02.342+04:00",57394,56,"2016-09-10",true,"SUPERZONE","System Campus","5-1440",,57394,56,0,"2016-09-10","System Campus","00:00",57394
"https://msedcc.maf.ae/api/analytics/v1/deviceCount","{areas:Campus,granularity:daily,period:","2016-09-09",",timeRange:00:00-23:59,durationCategories:5}","{areas:Campus,granularity:daily,period:2016-09-09,timeRange:00:00-23:59,durationCategories:5}",200,"application/json","00:00","2016-09-09","all","daily",105,56228,"2016-09-09","23:59","2017-01-05T19:22:02.342+04:00",56228,56,"2016-09-09",true,"SUPERZONE","System Campus","5-1440",,56228,56,0,"2016-09-09","System Campus","00:00",56228
"https://msedcc.maf.ae/api/analytics/v1/deviceCount","{areas:Campus,granularity:daily,period:","2016-09-08",",timeRange:00:00-23:59,durationCategories:5}","{areas:Campus,granularity:daily,period:2016-09-08,timeRange:00:00-23:59,durationCategories:5}",200,"application/json","00:00","2016-09-08","all","daily",103,49816,"2016-09-08","23:59","2017-01-05T19:22:02.342+04:00",49816,56,"2016-09-08",true,"SUPERZONE","System Campus","5-1440",,49816,56,0,"2016-09-08","System Campus","00:00",49816
"https://msedcc.maf.ae/api/analytics/v1/deviceCount","{areas:Campus,granularity:daily,period:","2016-09-07",",timeRange:00:00-23:59,durationCategories:5}","{areas:Campus,granularity:daily,period:2016-09-07,timeRange:00:00-23:59,durationCategories:5}",200,"application/json","00:00","2016-09-07","all","daily",104,44126,"2016-09-07","23:59","2017-01-05T19:22:02.342+04:00",44126,56,"2016-09-07",true,"SUPERZONE","System Campus","5-1440",,44126,56,0,"2016-09-07","System Campus","00:00",44126
"https://msedcc.maf.ae/api/analytics/v1/deviceCount","{areas:Campus,granularity:daily,period:","2016-09-06",",timeRange:00:00-23:59,durationCategories:5}","{areas:Campus,granularity:daily,period:2016-09-06,timeRange:00:00-23:59,durationCategories:5}",200,"application/json","00:00","2016-09-06","all","daily",107,43289,"2016-09-06","23:59","2017-01-05T19:22:02.342+04:00",43289,56,"2016-09-06",true,"SUPERZONE","System Campus","5-1440",,43289,56,0,"2016-09-06","System Campus","00:00",43289
"https://msedcc.maf.ae/api/analytics/v1/deviceCount","{areas:Campus,granularity:daily,period:","2016-09-05",",timeRange:00:00-23:59,durationCategories:5}","{areas:Campus,granularity:daily,period:2016-09-05,timeRange:00:00-23:59,durationCategories:5}",200,"application/json","00:00","2016-09-05","all","daily",138,42337,"2016-09-05","23:59","2017-01-05T19:22:02.342+04:00",42337,56,"2016-09-05",true,"SUPERZONE","System Campus","5-1440",,42337,56,0,"2016-09-05","System Campus","00:00",42337
"https://msedcc.maf.ae/api/analytics/v1/deviceCount","{areas:Campus,granularity:daily,period:","2016-09-04",",timeRange:00:00-23:59,durationCategories:5}","{areas:Campus,granularity:daily,period:2016-09-04,timeRange:00:00-23:59,durationCategories:5}",200,"application/json","00:00","2016-09-04","all","daily",106,44452,"2016-09-04","23:59","2017-01-05T19:22:02.342+04:00",44452,56,"2016-09-04",true,"SUPERZONE","System Campus","5-1440",,44452,56,0,"2016-09-04","System Campus","00:00",44452
"https://msedcc.maf.ae/api/analytics/v1/deviceCount","{areas:Campus,granularity:daily,period:","2016-09-03",",timeRange:00:00-23:59,durationCategories:5}","{areas:Campus,granularity:daily,period:2016-09-03,timeRange:00:00-23:59,durationCategories:5}",200,"application/json","00:00","2016-09-03","all","daily",109,52142,"2016-09-03","23:59","2017-01-05T19:22:02.342+04:00",52142,56,"2016-09-03",true,"SUPERZONE","System Campus","5-1440",,52142,56,0,"2016-09-03","System Campus","00:00",52142
"https://msedcc.maf.ae/api/analytics/v1/deviceCount","{areas:Campus,granularity:daily,period:","2016-09-02",",timeRange:00:00-23:59,durationCategories:5}","{areas:Campus,granularity:daily,period:2016-09-02,timeRange:00:00-23:59,durationCategories:5}",200,"application/json","00:00","2016-09-02","all","daily",116,57413,"2016-09-02","23:59","2017-01-05T19:22:02.342+04:00",57413,56,"2016-09-02",true,"SUPERZONE","System Campus","5-1440",,57413,56,0,"2016-09-02","System Campus","00:00",57413
"https://msedcc.maf.ae/api/analytics/v1/deviceCount","{areas:Campus,granularity:daily,period:","2016-09-01",",timeRange:00:00-23:59,durationCategories:5}","{areas:Campus,granularity:daily,period:2016-09-01,timeRange:00:00-23:59,durationCategories:5}",200,"application/json","00:00","2016-09-01","all","daily",887,49232,"2016-09-01","23:59","2017-01-05T19:22:02.342+04:00",49232,56,"2016-09-01",true,"SUPERZONE","System Campus","5-1440",,49232,56,0,"2016-09-01","System Campus","00:00",49232
"https://msedcc.maf.ae/api/analytics/v1/deviceCount","{areas:Campus,granularity:daily,period:","2016-08-31",",timeRange:00:00-23:59,durationCategories:5}","{areas:Campus,granularity:daily,period:2016-08-31,timeRange:00:00-23:59,durationCategories:5}",200,"application/json","00:00","2016-08-31","all","daily",233,45314,"2016-08-31","23:59","2017-01-05T19:22:02.342+04:00",45314,56,"2016-08-31",true,"SUPERZONE","System Campus","5-1440",,45314,56,0,"2016-08-31","System Campus","00:00",45314
"https://msedcc.maf.ae/api/analytics/v1/deviceCount","{areas:Campus,granularity:daily,period:","2016-08-30",",timeRange:00:00-23:59,durationCategories:5}","{areas:Campus,granularity:daily,period:2016-08-30,timeRange:00:00-23:59,durationCategories:5}",200,"application/json","00:00","2016-08-30","all","daily",105,43377,"2016-08-30","23:59","2017-01-05T19:22:02.342+04:00",43377,56,"2016-08-30",true,"SUPERZONE","System Campus","5-1440",,43377,56,0,"2016-08-30","System Campus","00:00",43377
"https://msedcc.maf.ae/api/analytics/v1/deviceCount","{areas:Campus,granularity:daily,period:","2016-08-29",",timeRange:00:00-23:59,durationCategories:5}","{areas:Campus,granularity:daily,period:2016-08-29,timeRange:00:00-23:59,durationCategories:5}",200,"application/json","00:00","2016-08-29","all","daily",112,45298,"2016-08-29","23:59","2017-01-05T19:22:02.342+04:00",45298,56,"2016-08-29",true,"SUPERZONE","System Campus","5-1440",,45298,56,0,"2016-08-29","System Campus","00:00",45298
"https://msedcc.maf.ae/api/analytics/v1/deviceCount","{areas:Campus,granularity:daily,period:","2016-08-28",",timeRange:00:00-23:59,durationCategories:5}","{areas:Campus,granularity:daily,period:2016-08-28,timeRange:00:00-23:59,durationCategories:5}",200,"application/json","00:00","2016-08-28","all","daily",107,42160,"2016-08-28","23:59","2017-01-05T19:22:02.342+04:00",42160,56,"2016-08-28",true,"SUPERZONE","System Campus","5-1440",,42160,56,0,"2016-08-28","System Campus","00:00",42160
"https://msedcc.maf.ae/api/analytics/v1/deviceCount","{areas:Campus,granularity:daily,period:","2016-08-27",",timeRange:00:00-23:59,durationCategories:5}","{areas:Campus,granularity:daily,period:2016-08-27,timeRange:00:00-23:59,durationCategories:5}",200,"application/json","00:00","2016-08-27","all","daily",104,50646,"2016-08-27","23:59","2017-01-05T19:22:02.342+04:00",50646,56,"2016-08-27",true,"SUPERZONE","System Campus","5-1440",,50646,56,0,"2016-08-27","System Campus","00:00",50646
"https://msedcc.maf.ae/api/analytics/v1/deviceCount","{areas:Campus,granularity:daily,period:","2016-08-26",",timeRange:00:00-23:59,durationCategories:5}","{areas:Campus,granularity:daily,period:2016-08-26,timeRange:00:00-23:59,durationCategories:5}",200,"application/json","00:00","2016-08-26","all","daily",126,52356,"2016-08-26","23:59","2017-01-05T19:22:02.342+04:00",52356,56,"2016-08-26",true,"SUPERZONE","System Campus","5-1440",,52356,56,0,"2016-08-26","System Campus","00:00",52356
"https://msedcc.maf.ae/api/analytics/v1/deviceCount","{areas:Campus,granularity:daily,period:","2016-08-25",",timeRange:00:00-23:59,durationCategories:5}","{areas:Campus,granularity:daily,period:2016-08-25,timeRange:00:00-23:59,durationCategories:5}",200,"application/json","00:00","2016-08-25","all","daily",104,47253,"2016-08-25","23:59","2017-01-05T19:22:02.342+04:00",47253,56,"2016-08-25",true,"SUPERZONE","System Campus","5-1440",,47253,56,0,"2016-08-25","System Campus","00:00",47253
"https://msedcc.maf.ae/api/analytics/v1/deviceCount","{areas:Campus,granularity:daily,period:","2016-08-24",",timeRange:00:00-23:59,durationCategories:5}","{areas:Campus,granularity:daily,period:2016-08-24,timeRange:00:00-23:59,durationCategories:5}",200,"application/json","00:00","2016-08-24","all","daily",128,40608,"2016-08-24","23:59","2017-01-05T19:22:02.342+04:00",40608,56,"2016-08-24",true,"SUPERZONE","System Campus","5-1440",,40608,56,0,"2016-08-24","System Campus","00:00",40608
"https://msedcc.maf.ae/api/analytics/v1/deviceCount","{areas:Campus,granularity:daily,period:","2016-08-23",",timeRange:00:00-23:59,durationCategories:5}","{areas:Campus,granularity:daily,period:2016-08-23,timeRange:00:00-23:59,durationCategories:5}",200,"application/json","00:00","2016-08-23","all","daily",103,42560,"2016-08-23","23:59","2017-01-05T19:22:02.342+04:00",42560,56,"2016-08-23",true,"SUPERZONE","System Campus","5-1440",,42560,56,0,"2016-08-23","System Campus","00:00",42560
"https://msedcc.maf.ae/api/analytics/v1/deviceCount","{areas:Campus,granularity:daily,period:","2016-08-22",",timeRange:00:00-23:59,durationCategories:5}","{areas:Campus,granularity:daily,period:2016-08-22,timeRange:00:00-23:59,durationCategories:5}",200,"application/json","00:00","2016-08-22","all","daily",235,38465,"2016-08-22","23:59","2017-01-05T19:22:02.342+04:00",38465,56,"2016-08-22",true,"SUPERZONE","System Campus","5-1440",,38465,56,0,"2016-08-22","System Campus","00:00",38465
"https://msedcc.maf.ae/api/analytics/v1/deviceCount","{areas:Campus,granularity:daily,period:","2016-08-21",",timeRange:00:00-23:59,durationCategories:5}","{areas:Campus,granularity:daily,period:2016-08-21,timeRange:00:00-23:59,durationCategories:5}",200,"application/json","00:00","2016-08-21","all","daily",102,42725,"2016-08-21","23:59","2017-01-05T19:22:02.342+04:00",42725,56,"2016-08-21",true,"SUPERZONE","System Campus","5-1440",,42725,56,0,"2016-08-21","System Campus","00:00",42725
"https://msedcc.maf.ae/api/analytics/v1/deviceCount","{areas:Campus,granularity:daily,period:","2016-08-20",",timeRange:00:00-23:59,durationCategories:5}","{areas:Campus,granularity:daily,period:2016-08-20,timeRange:00:00-23:59,durationCategories:5}",200,"application/json","00:00","2016-08-20","all","daily",100,51645,"2016-08-20","23:59","2017-01-05T19:22:02.342+04:00",51645,56,"2016-08-20",true,"SUPERZONE","System Campus","5-1440",,51645,56,0,"2016-08-20","System Campus","00:00",51645
"https://msedcc.maf.ae/api/analytics/v1/deviceCount","{areas:Campus,granularity:daily,period:","2016-08-19",",timeRange:00:00-23:59,durationCategories:5}","{areas:Campus,granularity:daily,period:2016-08-19,timeRange:00:00-23:59,durationCategories:5}",200,"application/json","00:00","2016-08-19","all","daily",38,4549,"2016-08-19","23:59","2017-01-05T19:22:02.342+04:00",4549,56,"2016-08-19",true,"SUPERZONE","System Campus","5-1440",,4549,56,0,"2016-08-19","System Campus","00:00",4549
"https://msedcc.maf.ae/api/analytics/v1/deviceCount","{areas:Campus,granularity:daily,period:","2016-08-18",",timeRange:00:00-23:59,durationCategories:5}","{areas:Campus,granularity:daily,period:2016-08-18,timeRange:00:00-23:59,durationCategories:5}",200,"application/json","00:00","2016-08-18","all","daily",76,4917,"2016-08-18","23:59","2017-01-05T19:22:02.342+04:00",4917,56,"2016-08-18",true,"SUPERZONE","System Campus","5-1440",,4917,56,0,"2016-08-18","System Campus","00:00",4917
"https://msedcc.maf.ae/api/analytics/v1/deviceCount","{areas:Campus,granularity:daily,period:","2016-08-17",",timeRange:00:00-23:59,durationCategories:5}","{areas:Campus,granularity:daily,period:2016-08-17,timeRange:00:00-23:59,durationCategories:5}",200,"application/json","00:00","2016-08-17","all","daily",122,8491,"2016-08-17","23:59","2017-01-05T19:22:02.342+04:00",8491,56,"2016-08-17",true,"SUPERZONE","System Campus","5-1440",,8491,56,0,"2016-08-17","System Campus","00:00",8491
"https://msedcc.maf.ae/api/analytics/v1/deviceCount","{areas:Campus,granularity:daily,period:","2016-08-16",",timeRange:00:00-23:59,durationCategories:5}","{areas:Campus,granularity:daily,period:2016-08-16,timeRange:00:00-23:59,durationCategories:5}",200,"application/json","00:00","2016-08-16","all","daily",57,10127,"2016-08-16","23:59","2017-01-05T19:22:02.342+04:00",10127,56,"2016-08-16",true,"SUPERZONE","System Campus","5-1440",,10127,56,0,"2016-08-16","System Campus","00:00",10127
"https://msedcc.maf.ae/api/analytics/v1/deviceCount","{areas:Campus,granularity:daily,period:","2016-08-15",",timeRange:00:00-23:59,durationCategories:5}","{areas:Campus,granularity:daily,period:2016-08-15,timeRange:00:00-23:59,durationCategories:5}",200,"application/json","00:00","2016-08-15","all","daily",85,20306,"2016-08-15","23:59","2017-01-05T19:22:02.342+04:00",20306,56,"2016-08-15",true,"SUPERZONE","System Campus","5-1440",,20306,56,0,"2016-08-15","System Campus","00:00",20306
"https://msedcc.maf.ae/api/analytics/v1/deviceCount","{areas:Campus,granularity:daily,period:","2016-08-14",",timeRange:00:00-23:59,durationCategories:5}","{areas:Campus,granularity:daily,period:2016-08-14,timeRange:00:00-23:59,durationCategories:5}",200,"application/json","00:00","2016-08-14","all","daily",117,19606,"2016-08-14","23:59","2017-01-05T19:22:02.342+04:00",19606,56,"2016-08-14",true,"SUPERZONE","System Campus","5-1440",,19606,56,0,"2016-08-14","System Campus","00:00",19606
"https://msedcc.maf.ae/api/analytics/v1/deviceCount","{areas:Campus,granularity:daily,period:","2016-08-13",",timeRange:00:00-23:59,durationCategories:5}","{areas:Campus,granularity:daily,period:2016-08-13,timeRange:00:00-23:59,durationCategories:5}",200,"application/json","00:00","2016-08-13","all","daily",141,34065,"2016-08-13","23:59","2017-01-05T19:22:02.342+04:00",34065,56,"2016-08-13",true,"SUPERZONE","System Campus","5-1440",,34065,56,0,"2016-08-13","System Campus","00:00",34065
"https://msedcc.maf.ae/api/analytics/v1/deviceCount","{areas:Campus,granularity:daily,period:","2016-08-12",",timeRange:00:00-23:59,durationCategories:5}","{areas:Campus,granularity:daily,period:2016-08-12,timeRange:00:00-23:59,durationCategories:5}",200,"application/json","00:00","2016-08-12","all","daily",353,39727,"2016-08-12","23:59","2017-01-05T19:22:02.342+04:00",39727,56,"2016-08-12",true,"SUPERZONE","System Campus","5-1440",,39727,56,0,"2016-08-12","System Campus","00:00",39727
"https://msedcc.maf.ae/api/analytics/v1/deviceCount","{areas:Campus,granularity:daily,period:","2016-08-11",",timeRange:00:00-23:59,durationCategories:5}","{areas:Campus,granularity:daily,period:2016-08-11,timeRange:00:00-23:59,durationCategories:5}",200,"application/json","00:00","2016-08-11","all","daily",100,50478,"2016-08-11","23:59","2017-01-05T19:22:02.342+04:00",50478,56,"2016-08-11",true,"SUPERZONE","System Campus","5-1440",,50478,56,0,"2016-08-11","System Campus","00:00",50478
"https://msedcc.maf.ae/api/analytics/v1/deviceCount","{areas:Campus,granularity:daily,period:","2016-08-10",",timeRange:00:00-23:59,durationCategories:5}","{areas:Campus,granularity:daily,period:2016-08-10,timeRange:00:00-23:59,durationCategories:5}",200,"application/json","00:00","2016-08-10","all","daily",99,46464,"2016-08-10","23:59","2017-01-05T19:22:02.342+04:00",46464,56,"2016-08-10",true,"SUPERZONE","System Campus","5-1440",,46464,56,0,"2016-08-10","System Campus","00:00",46464
"https://msedcc.maf.ae/api/analytics/v1/deviceCount","{areas:Campus,granularity:daily,period:","2016-08-09",",timeRange:00:00-23:59,durationCategories:5}","{areas:Campus,granularity:daily,period:2016-08-09,timeRange:00:00-23:59,durationCategories:5}",200,"application/json","00:00","2016-08-09","all","daily",103,45714,"2016-08-09","23:59","2017-01-05T19:22:02.342+04:00",45714,56,"2016-08-09",true,"SUPERZONE","System Campus","5-1440",,45714,56,0,"2016-08-09","System Campus","00:00",45714
"https://msedcc.maf.ae/api/analytics/v1/deviceCount","{areas:Campus,granularity:daily,period:","2016-08-08",",timeRange:00:00-23:59,durationCategories:5}","{areas:Campus,granularity:daily,period:2016-08-08,timeRange:00:00-23:59,durationCategories:5}",200,"application/json","00:00","2016-08-08","all","daily",101,46807,"2016-08-08","23:59","2017-01-05T19:22:02.342+04:00",46807,56,"2016-08-08",true,"SUPERZONE","System Campus","5-1440",,46807,56,0,"2016-08-08","System Campus","00:00",46807
"https://msedcc.maf.ae/api/analytics/v1/deviceCount","{areas:Campus,granularity:daily,period:","2016-08-07",",timeRange:00:00-23:59,durationCategories:5}","{areas:Campus,granularity:daily,period:2016-08-07,timeRange:00:00-23:59,durationCategories:5}",200,"application/json","00:00","2016-08-07","all","daily",104,45177,"2016-08-07","23:59","2017-01-05T19:22:02.342+04:00",45177,56,"2016-08-07",true,"SUPERZONE","System Campus","5-1440",,45177,56,0,"2016-08-07","System Campus","00:00",45177
"https://msedcc.maf.ae/api/analytics/v1/deviceCount","{areas:Campus,granularity:daily,period:","2016-08-06",",timeRange:00:00-23:59,durationCategories:5}","{areas:Campus,granularity:daily,period:2016-08-06,timeRange:00:00-23:59,durationCategories:5}",200,"application/json","00:00","2016-08-06","all","daily",117,51382,"2016-08-06","23:59","2017-01-05T19:22:02.342+04:00",51382,56,"2016-08-06",true,"SUPERZONE","System Campus","5-1440",,51382,56,0,"2016-08-06","System Campus","00:00",51382
"https://msedcc.maf.ae/api/analytics/v1/deviceCount","{areas:Campus,granularity:daily,period:","2016-08-05",",timeRange:00:00-23:59,durationCategories:5}","{areas:Campus,granularity:daily,period:2016-08-05,timeRange:00:00-23:59,durationCategories:5}",200,"application/json","00:00","2016-08-05","all","daily",110,55254,"2016-08-05","23:59","2017-01-05T19:22:02.342+04:00",55254,56,"2016-08-05",true,"SUPERZONE","System Campus","5-1440",,55254,56,0,"2016-08-05","System Campus","00:00",55254
"https://msedcc.maf.ae/api/analytics/v1/deviceCount","{areas:Campus,granularity:daily,period:","2016-08-04",",timeRange:00:00-23:59,durationCategories:5}","{areas:Campus,granularity:daily,period:2016-08-04,timeRange:00:00-23:59,durationCategories:5}",200,"application/json","00:00","2016-08-04","all","daily",117,50983,"2016-08-04","23:59","2017-01-05T19:22:02.342+04:00",50983,56,"2016-08-04",true,"SUPERZONE","System Campus","5-1440",,50983,56,0,"2016-08-04","System Campus","00:00",50983
"https://msedcc.maf.ae/api/analytics/v1/deviceCount","{areas:Campus,granularity:daily,period:","2016-08-03",",timeRange:00:00-23:59,durationCategories:5}","{areas:Campus,granularity:daily,period:2016-08-03,timeRange:00:00-23:59,durationCategories:5}",200,"application/json","00:00","2016-08-03","all","daily",99,45008,"2016-08-03","23:59","2017-01-05T19:22:02.342+04:00",45008,56,"2016-08-03",true,"SUPERZONE","System Campus","5-1440",,45008,56,0,"2016-08-03","System Campus","00:00",45008
"https://msedcc.maf.ae/api/analytics/v1/deviceCount","{areas:Campus,granularity:daily,period:","2016-08-02",",timeRange:00:00-23:59,durationCategories:5}","{areas:Campus,granularity:daily,period:2016-08-02,timeRange:00:00-23:59,durationCategories:5}",200,"application/json","00:00","2016-08-02","all","daily",116,45711,"2016-08-02","23:59","2017-01-05T19:22:02.342+04:00",45711,56,"2016-08-02",true,"SUPERZONE","System Campus","5-1440",,45711,56,0,"2016-08-02","System Campus","00:00",45711
"https://msedcc.maf.ae/api/analytics/v1/deviceCount","{areas:Campus,granularity:daily,period:","2016-08-01",",timeRange:00:00-23:59,durationCategories:5}","{areas:Campus,granularity:daily,period:2016-08-01,timeRange:00:00-23:59,durationCategories:5}",200,"application/json","00:00","2016-08-01","all","daily",101,46511,"2016-08-01","23:59","2017-01-05T19:22:02.342+04:00",46511,56,"2016-08-01",true,"SUPERZONE","System Campus","5-1440",,46511,56,0,"2016-08-01","System Campus","00:00",46511
"https://msedcc.maf.ae/api/analytics/v1/deviceCount","{areas:Campus,granularity:daily,period:","2016-07-31",",timeRange:00:00-23:59,durationCategories:5}","{areas:Campus,granularity:daily,period:2016-07-31,timeRange:00:00-23:59,durationCategories:5}",200,"application/json","00:00","2016-07-31","all","daily",101,47774,"2016-07-31","23:59","2017-01-05T19:22:02.342+04:00",47774,56,"2016-07-31",true,"SUPERZONE","System Campus","5-1440",,47774,56,0,"2016-07-31","System Campus","00:00",47774
"https://msedcc.maf.ae/api/analytics/v1/deviceCount","{areas:Campus,granularity:daily,period:","2016-07-30",",timeRange:00:00-23:59,durationCategories:5}","{areas:Campus,granularity:daily,period:2016-07-30,timeRange:00:00-23:59,durationCategories:5}",200,"application/json","00:00","2016-07-30","all","daily",106,53443,"2016-07-30","23:59","2017-01-05T19:22:02.342+04:00",53443,56,"2016-07-30",true,"SUPERZONE","System Campus","5-1440",,53443,56,0,"2016-07-30","System Campus","00:00",53443
"https://msedcc.maf.ae/api/analytics/v1/deviceCount","{areas:Campus,granularity:daily,period:","2016-07-29",",timeRange:00:00-23:59,durationCategories:5}","{areas:Campus,granularity:daily,period:2016-07-29,timeRange:00:00-23:59,durationCategories:5}",200,"application/json","00:00","2016-07-29","all","daily",151,57523,"2016-07-29","23:59","2017-01-05T19:22:02.342+04:00",57523,56,"2016-07-29",true,"SUPERZONE","System Campus","5-1440",,57523,56,0,"2016-07-29","System Campus","00:00",57523
"https://msedcc.maf.ae/api/analytics/v1/deviceCount","{areas:Campus,granularity:daily,period:","2016-07-28",",timeRange:00:00-23:59,durationCategories:5}","{areas:Campus,granularity:daily,period:2016-07-28,timeRange:00:00-23:59,durationCategories:5}",200,"application/json","00:00","2016-07-28","all","daily",109,51041,"2016-07-28","23:59","2017-01-05T19:22:02.342+04:00",51041,56,"2016-07-28",true,"SUPERZONE","System Campus","5-1440",,51041,56,0,"2016-07-28","System Campus","00:00",51041
"https://msedcc.maf.ae/api/analytics/v1/deviceCount","{areas:Campus,granularity:daily,period:","2016-07-27",",timeRange:00:00-23:59,durationCategories:5}","{areas:Campus,granularity:daily,period:2016-07-27,timeRange:00:00-23:59,durationCategories:5}",200,"application/json","00:00","2016-07-27","all","daily",119,45375,"2016-07-27","23:59","2017-01-05T19:22:02.342+04:00",45375,56,"2016-07-27",true,"SUPERZONE","System Campus","5-1440",,45375,56,0,"2016-07-27","System Campus","00:00",45375
"https://msedcc.maf.ae/api/analytics/v1/deviceCount","{areas:Campus,granularity:daily,period:","2016-07-26",",timeRange:00:00-23:59,durationCategories:5}","{areas:Campus,granularity:daily,period:2016-07-26,timeRange:00:00-23:59,durationCategories:5}",200,"application/json","00:00","2016-07-26","all","daily",100,47200,"2016-07-26","23:59","2017-01-05T19:22:02.342+04:00",47200,56,"2016-07-26",true,"SUPERZONE","System Campus","5-1440",,47200,56,0,"2016-07-26","System Campus","00:00",47200
"https://msedcc.maf.ae/api/analytics/v1/deviceCount","{areas:Campus,granularity:daily,period:","2016-07-25",",timeRange:00:00-23:59,durationCategories:5}","{areas:Campus,granularity:daily,period:2016-07-25,timeRange:00:00-23:59,durationCategories:5}",200,"application/json","00:00","2016-07-25","all","daily",99,44212,"2016-07-25","23:59","2017-01-05T19:22:02.342+04:00",44212,56,"2016-07-25",true,"SUPERZONE","System Campus","5-1440",,44212,56,0,"2016-07-25","System Campus","00:00",44212
"https://msedcc.maf.ae/api/analytics/v1/deviceCount","{areas:Campus,granularity:daily,period:","2016-07-24",",timeRange:00:00-23:59,durationCategories:5}","{areas:Campus,granularity:daily,period:2016-07-24,timeRange:00:00-23:59,durationCategories:5}",200,"application/json","00:00","2016-07-24","all","daily",96,44128,"2016-07-24","23:59","2017-01-05T19:22:02.342+04:00",44128,56,"2016-07-24",true,"SUPERZONE","System Campus","5-1440",,44128,56,0,"2016-07-24","System Campus","00:00",44128
"https://msedcc.maf.ae/api/analytics/v1/deviceCount","{areas:Campus,granularity:daily,period:","2016-07-23",",timeRange:00:00-23:59,durationCategories:5}","{areas:Campus,granularity:daily,period:2016-07-23,timeRange:00:00-23:59,durationCategories:5}",200,"application/json","00:00","2016-07-23","all","daily",100,51446,"2016-07-23","23:59","2017-01-05T19:22:02.342+04:00",51446,56,"2016-07-23",true,"SUPERZONE","System Campus","5-1440",,51446,56,0,"2016-07-23","System Campus","00:00",51446
"https://msedcc.maf.ae/api/analytics/v1/deviceCount","{areas:Campus,granularity:daily,period:","2016-07-22",",timeRange:00:00-23:59,durationCategories:5}","{areas:Campus,granularity:daily,period:2016-07-22,timeRange:00:00-23:59,durationCategories:5}",200,"application/json","00:00","2016-07-22","all","daily",128,56340,"2016-07-22","23:59","2017-01-05T19:22:02.342+04:00",56340,56,"2016-07-22",true,"SUPERZONE","System Campus","5-1440",,56340,56,0,"2016-07-22","System Campus","00:00",56340
"https://msedcc.maf.ae/api/analytics/v1/deviceCount","{areas:Campus,granularity:daily,period:","2016-07-21",",timeRange:00:00-23:59,durationCategories:5}","{areas:Campus,granularity:daily,period:2016-07-21,timeRange:00:00-23:59,durationCategories:5}",200,"application/json","00:00","2016-07-21","all","daily",83,48539,"2016-07-21","23:59","2017-01-05T19:22:02.342+04:00",48539,56,"2016-07-21",true,"SUPERZONE","System Campus","5-1440",,48539,56,0,"2016-07-21","System Campus","00:00",48539
"https://msedcc.maf.ae/api/analytics/v1/deviceCount","{areas:Campus,granularity:daily,period:","2016-07-20",",timeRange:00:00-23:59,durationCategories:5}","{areas:Campus,granularity:daily,period:2016-07-20,timeRange:00:00-23:59,durationCategories:5}",200,"application/json","00:00","2016-07-20","all","daily",119,41417,"2016-07-20","23:59","2017-01-05T19:22:02.342+04:00",41417,56,"2016-07-20",true,"SUPERZONE","System Campus","5-1440",,41417,56,0,"2016-07-20","System Campus","00:00",41417
"https://msedcc.maf.ae/api/analytics/v1/deviceCount","{areas:Campus,granularity:daily,period:","2016-07-19",",timeRange:00:00-23:59,durationCategories:5}","{areas:Campus,granularity:daily,period:2016-07-19,timeRange:00:00-23:59,durationCategories:5}",200,"application/json","00:00","2016-07-19","all","daily",123,43903,"2016-07-19","23:59","2017-01-05T19:22:02.342+04:00",43903,56,"2016-07-19",true,"SUPERZONE","System Campus","5-1440",,43903,56,0,"2016-07-19","System Campus","00:00",43903
"https://msedcc.maf.ae/api/analytics/v1/deviceCount","{areas:Campus,granularity:daily,period:","2016-07-18",",timeRange:00:00-23:59,durationCategories:5}","{areas:Campus,granularity:daily,period:2016-07-18,timeRange:00:00-23:59,durationCategories:5}",200,"application/json","00:00","2016-07-18","all","daily",125,40319,"2016-07-18","23:59","2017-01-05T19:22:02.342+04:00",40319,56,"2016-07-18",true,"SUPERZONE","System Campus","5-1440",,40319,56,0,"2016-07-18","System Campus","00:00",40319
"https://msedcc.maf.ae/api/analytics/v1/deviceCount","{areas:Campus,granularity:daily,period:","2016-07-17",",timeRange:00:00-23:59,durationCategories:5}","{areas:Campus,granularity:daily,period:2016-07-17,timeRange:00:00-23:59,durationCategories:5}",200,"application/json","00:00","2016-07-17","all","daily",125,43808,"2016-07-17","23:59","2017-01-05T19:22:02.342+04:00",43808,56,"2016-07-17",true,"SUPERZONE","System Campus","5-1440",,43808,56,0,"2016-07-17","System Campus","00:00",43808
"https://msedcc.maf.ae/api/analytics/v1/deviceCount","{areas:Campus,granularity:daily,period:","2016-07-16",",timeRange:00:00-23:59,durationCategories:5}","{areas:Campus,granularity:daily,period:2016-07-16,timeRange:00:00-23:59,durationCategories:5}",200,"application/json","00:00","2016-07-16","all","daily",109,49286,"2016-07-16","23:59","2017-01-05T19:22:02.342+04:00",49286,56,"2016-07-16",true,"SUPERZONE","System Campus","5-1440",,49286,56,0,"2016-07-16","System Campus","00:00",49286
"https://msedcc.maf.ae/api/analytics/v1/deviceCount","{areas:Campus,granularity:daily,period:","2016-07-15",",timeRange:00:00-23:59,durationCategories:5}","{areas:Campus,granularity:daily,period:2016-07-15,timeRange:00:00-23:59,durationCategories:5}",,,,,,,,,,,,,,,,,,,,,,,,,,
"https://msedcc.maf.ae/api/analytics/v1/deviceCount","{areas:Campus,granularity:daily,period:","2016-07-14",",timeRange:00:00-23:59,durationCategories:5}","{areas:Campus,granularity:daily,period:2016-07-14,timeRange:00:00-23:59,durationCategories:5}",,,,,,,,,,,,,,,,,,,,,,,,,,
"https://msedcc.maf.ae/api/analytics/v1/deviceCount","{areas:Campus,granularity:daily,period:","2016-07-13",",timeRange:00:00-23:59,durationCategories:5}","{areas:Campus,granularity:daily,period:2016-07-13,timeRange:00:00-23:59,durationCategories:5}",,,,,,,,,,,,,,,,,,,,,,,,,,
"https://msedcc.maf.ae/api/analytics/v1/deviceCount","{areas:Campus,granularity:daily,period:","2016-07-12",",timeRange:00:00-23:59,durationCategories:5}","{areas:Campus,granularity:daily,period:2016-07-12,timeRange:00:00-23:59,durationCategories:5}",,,,,,,,,,,,,,,,,,,,,,,,,,
"https://msedcc.maf.ae/api/analytics/v1/deviceCount","{areas:Campus,granularity:daily,period:","2016-07-11",",timeRange:00:00-23:59,durationCategories:5}","{areas:Campus,granularity:daily,period:2016-07-11,timeRange:00:00-23:59,durationCategories:5}",,,,,,,,,,,,,,,,,,,,,,,,,,
"https://msedcc.maf.ae/api/analytics/v1/deviceCount","{areas:Campus,granularity:daily,period:","2016-07-10",",timeRange:00:00-23:59,durationCategories:5}","{areas:Campus,granularity:daily,period:2016-07-10,timeRange:00:00-23:59,durationCategories:5}",,,,,,,,,,,,,,,,,,,,,,,,,,
"https://msedcc.maf.ae/api/analytics/v1/deviceCount","{areas:Campus,granularity:daily,period:","2016-07-09",",timeRange:00:00-23:59,durationCategories:5}","{areas:Campus,granularity:daily,period:2016-07-09,timeRange:00:00-23:59,durationCategories:5}",,,,,,,,,,,,,,,,,,,,,,,,,,
"https://msedcc.maf.ae/api/analytics/v1/deviceCount","{areas:Campus,granularity:daily,period:","2016-07-08",",timeRange:00:00-23:59,durationCategories:5}","{areas:Campus,granularity:daily,period:2016-07-08,timeRange:00:00-23:59,durationCategories:5}",,,,,,,,,,,,,,,,,,,,,,,,,,
"https://msedcc.maf.ae/api/analytics/v1/deviceCount","{areas:Campus,granularity:daily,period:","2016-07-07",",timeRange:00:00-23:59,durationCategories:5}","{areas:Campus,granularity:daily,period:2016-07-07,timeRange:00:00-23:59,durationCategories:5}",,,,,,,,,,,,,,,,,,,,,,,,,,
"https://msedcc.maf.ae/api/analytics/v1/deviceCount","{areas:Campus,granularity:daily,period:","2016-07-06",",timeRange:00:00-23:59,durationCategories:5}","{areas:Campus,granularity:daily,period:2016-07-06,timeRange:00:00-23:59,durationCategories:5}",,,,,,,,,,,,,,,,,,,,,,,,,,
"https://msedcc.maf.ae/api/analytics/v1/deviceCount","{areas:Campus,granularity:daily,period:","2016-07-05",",timeRange:00:00-23:59,durationCategories:5}","{areas:Campus,granularity:daily,period:2016-07-05,timeRange:00:00-23:59,durationCategories:5}",,,,,,,,,,,,,,,,,,,,,,,,,,
"https://msedcc.maf.ae/api/analytics/v1/deviceCount","{areas:Campus,granularity:daily,period:","2016-07-04",",timeRange:00:00-23:59,durationCategories:5}","{areas:Campus,granularity:daily,period:2016-07-04,timeRange:00:00-23:59,durationCategories:5}",,,,,,,,,,,,,,,,,,,,,,,,,,
"https://msedcc.maf.ae/api/analytics/v1/deviceCount","{areas:Campus,granularity:daily,period:","2016-07-03",",timeRange:00:00-23:59,durationCategories:5}","{areas:Campus,granularity:daily,period:2016-07-03,timeRange:00:00-23:59,durationCategories:5}",,,,,,,,,,,,,,,,,,,,,,,,,,
"https://msedcc.maf.ae/api/analytics/v1/deviceCount","{areas:Campus,granularity:daily,period:","2016-07-02",",timeRange:00:00-23:59,durationCategories:5}","{areas:Campus,granularity:daily,period:2016-07-02,timeRange:00:00-23:59,durationCategories:5}",,,,,,,,,,,,,,,,,,,,,,,,,,
"https://msedcc.maf.ae/api/analytics/v1/deviceCount","{areas:Campus,granularity:daily,period:","2016-07-01",",timeRange:00:00-23:59,durationCategories:5}","{areas:Campus,granularity:daily,period:2016-07-01,timeRange:00:00-23:59,durationCategories:5}",,,,,,,,,,,,,,,,,,,,,,,,,,
"https://msedcc.maf.ae/api/analytics/v1/deviceCount","{areas:Campus,granularity:daily,period:","2016-06-30",",timeRange:00:00-23:59,durationCategories:5}","{areas:Campus,granularity:daily,period:2016-06-30,timeRange:00:00-23:59,durationCategories:5}",,,,,,,,,,,,,,,,,,,,,,,,,,
"https://msedcc.maf.ae/api/analytics/v1/deviceCount","{areas:Campus,granularity:daily,period:","2016-06-29",",timeRange:00:00-23:59,durationCategories:5}","{areas:Campus,granularity:daily,period:2016-06-29,timeRange:00:00-23:59,durationCategories:5}",,,,,,,,,,,,,,,,,,,,,,,,,,
"https://msedcc.maf.ae/api/analytics/v1/deviceCount","{areas:Campus,granularity:daily,period:","2016-06-28",",timeRange:00:00-23:59,durationCategories:5}","{areas:Campus,granularity:daily,period:2016-06-28,timeRange:00:00-23:59,durationCategories:5}",,,,,,,,,,,,,,,,,,,,,,,,,,
"https://msedcc.maf.ae/api/analytics/v1/deviceCount","{areas:Campus,granularity:daily,period:","2016-06-27",",timeRange:00:00-23:59,durationCategories:5}","{areas:Campus,granularity:daily,period:2016-06-27,timeRange:00:00-23:59,durationCategories:5}",,,,,,,,,,,,,,,,,,,,,,,,,,
"https://msedcc.maf.ae/api/analytics/v1/deviceCount","{areas:Campus,granularity:daily,period:","2016-06-26",",timeRange:00:00-23:59,durationCategories:5}","{areas:Campus,granularity:daily,period:2016-06-26,timeRange:00:00-23:59,durationCategories:5}",,,,,,,,,,,,,,,,,,,,,,,,,,
"https://msedcc.maf.ae/api/analytics/v1/deviceCount","{areas:Campus,granularity:daily,period:","2016-06-25",",timeRange:00:00-23:59,durationCategories:5}","{areas:Campus,granularity:daily,period:2016-06-25,timeRange:00:00-23:59,durationCategories:5}",,,,,,,,,,,,,,,,,,,,,,,,,,
"https://msedcc.maf.ae/api/analytics/v1/deviceCount","{areas:Campus,granularity:daily,period:","2016-06-24",",timeRange:00:00-23:59,durationCategories:5}","{areas:Campus,granularity:daily,period:2016-06-24,timeRange:00:00-23:59,durationCategories:5}",,,,,,,,,,,,,,,,,,,,,,,,,,
"https://msedcc.maf.ae/api/analytics/v1/deviceCount","{areas:Campus,granularity:daily,period:","2016-06-23",",timeRange:00:00-23:59,durationCategories:5}","{areas:Campus,granularity:daily,period:2016-06-23,timeRange:00:00-23:59,durationCategories:5}",,,,,,,,,,,,,,,,,,,,,,,,,,
"https://msedcc.maf.ae/api/analytics/v1/deviceCount","{areas:Campus,granularity:daily,period:","2016-06-22",",timeRange:00:00-23:59,durationCategories:5}","{areas:Campus,granularity:daily,period:2016-06-22,timeRange:00:00-23:59,durationCategories:5}",,,,,,,,,,,,,,,,,,,,,,,,,,
"https://msedcc.maf.ae/api/analytics/v1/deviceCount","{areas:Campus,granularity:daily,period:","2016-06-21",",timeRange:00:00-23:59,durationCategories:5}","{areas:Campus,granularity:daily,period:2016-06-21,timeRange:00:00-23:59,durationCategories:5}",,,,,,,,,,,,,,,,,,,,,,,,,,
"https://msedcc.maf.ae/api/analytics/v1/deviceCount","{areas:Campus,granularity:daily,period:","2016-06-20",",timeRange:00:00-23:59,durationCategories:5}","{areas:Campus,granularity:daily,period:2016-06-20,timeRange:00:00-23:59,durationCategories:5}",,,,,,,,,,,,,,,,,,,,,,,,,,
"https://msedcc.maf.ae/api/analytics/v1/deviceCount","{areas:Campus,granularity:daily,period:","2016-06-19",",timeRange:00:00-23:59,durationCategories:5}","{areas:Campus,granularity:daily,period:2016-06-19,timeRange:00:00-23:59,durationCategories:5}",,,,,,,,,,,,,,,,,,,,,,,,,,
